id,email,created_at,first_name,last_name,gender,accepts_marketing
102368,aandersonqw@spotify.com,1/15/2018,Mata,Gercke,Male,TRUE
102369,aariasio@amazonaws.com,1/13/2017,Glenn,Hark,Male,FALSE
102370,aavramchiknh@timesonline.co.uk,12/9/2017,Marlin,Rackham,Male,FALSE
102371,abarrassd6@kickstarter.com,5/24/2017,Lind,Swan,Female,TRUE
102372,abateripdf@myspace.com,7/9/2017,Elspeth,Springthorpe,Female,FALSE
102373,abehneckenf7@networkadvertising.org,5/17/2018,Kennedy,Roseborough,Male,TRUE
102374,abrafertonpv@rediff.com,11/5/2017,Dehlia,Boys,Female,TRUE
102375,acarlettjj@wikipedia.org,8/27/2018,Murdoch,McKerton,Male,FALSE
102376,achaffinmf@npr.org,4/15/2017,Benetta,Krout,Female,TRUE
102377,achrister0@de.vu,3/26/2017,Clareta,Maghull,Female,FALSE
102378,achurches1l@eventbrite.com,4/20/2018,Olivette,Florio,Female,FALSE
102379,aclaigel7@xing.com,1/22/2017,Cyndia,Garnar,Female,TRUE
102380,aclaybornke@ovh.net,4/7/2018,Alfi,Milthorpe,Female,FALSE
102381,aclineckme@free.fr,11/15/2017,Alwyn,Rigardeau,Male,FALSE
102382,aclues4u@imageshack.us,8/31/2018,Desdemona,Watsham,Female,FALSE
102383,acollingworth5d@bloomberg.com,9/28/2018,Syd,Karel,Male,FALSE
102384,acoughlangc@cocolog-nifty.com,9/26/2018,Maurise,Porrett,Female,FALSE
102385,acramerbx@hexun.com,9/17/2018,Saunder,Orae,Male,TRUE
102386,acroxford9s@wix.com,5/8/2018,Lazare,Sleigh,Male,FALSE
102387,adambrosiod7@howstuffworks.com,1/31/2018,Titus,Cuthbertson,Male,FALSE
102388,adarragonqz@feedburner.com,12/22/2017,Mayor,Lejeune,Male,FALSE
102389,adelacourtho@china.com.cn,12/5/2018,Nobe,Shillingford,Male,TRUE
102390,adello8b@loc.gov,4/17/2018,Juli,Huetson,Female,FALSE
102391,aderillkb@gov.uk,1/21/2017,Ashla,Ferraron,Female,FALSE
102392,adorber4b@symantec.com,2/2/2017,Jordan,Littley,Male,TRUE
102393,adreschler13@i2i.jp,10/6/2017,Eliza,McGinnell,Female,TRUE
102394,aduiged18@sfgate.com,8/30/2018,Bobina,Tear,Female,TRUE
102395,adumelowmo@histats.com,1/22/2017,Bliss,Pimerick,Female,TRUE
102396,aedie82@nba.com,11/25/2018,Evangelina,Drewett,Female,FALSE
102397,aerat5u@indiegogo.com,9/22/2017,Ephrayim,Girod,Male,FALSE
102398,aesticknc@chronoengine.com,1/2/2017,Cyndie,Doddemeede,Female,FALSE
102399,afidelliaa@issuu.com,10/8/2018,Willdon,Jodlkowski,Male,FALSE
102400,aganing5g@stumbleupon.com,9/25/2018,Elvina,Wollaston,Female,FALSE
102401,agoulstonef4@dion.ne.jp,6/13/2018,Haydon,Daulby,Male,FALSE
102402,ahelin6a@wikimedia.org,2/4/2017,Colan,Domenget,Male,TRUE
102403,ahuyghe94@earthlink.net,9/23/2017,Osbourn,Abdy,Male,FALSE
102404,aingergq@mysql.com,8/19/2018,Sherlock,Milton-White,Male,TRUE
102405,ajarmaind0@hibu.com,2/20/2018,Henri,Leveritt,Male,TRUE
102406,ajoslandfm@weibo.com,4/20/2017,Sara,Barti,Female,TRUE
102407,akefordr6@oakley.com,2/2/2018,Shawn,Barrows,Male,TRUE
102408,aklosscw@sfgate.com,7/18/2017,Nikolas,Freeborn,Male,FALSE
102409,akropacho@apple.com,8/15/2017,Jayne,Sorrie,Female,FALSE
102410,akubec55@wisc.edu,5/14/2018,Hayward,Kittley,Male,FALSE
102411,aleschelle7s@about.me,6/19/2017,Warde,Groarty,Male,TRUE
102412,alidgettb5@businessweek.com,2/14/2018,Shirl,Blonden,Female,FALSE
102413,aloaldayd3@amazon.de,4/15/2017,Onofredo,Tettley,Male,FALSE
102414,alummasanami@devhub.com,2/28/2017,Ronna,Stanislaw,Female,FALSE
102415,amacbarron8x@rediff.com,2/6/2017,Christiano,Nudde,Male,TRUE
102416,amacneill57@craigslist.org,5/9/2018,Des,Doig,Male,TRUE
102417,amannie9d@ucoz.ru,3/24/2018,Maximilianus,Dumini,Male,FALSE
102418,amarqyese4@princeton.edu,2/28/2017,Odilia,Hablot,Female,FALSE
102419,amccaghano1@marriott.com,8/23/2018,Homerus,M'Quharg,Male,FALSE
102420,amcconnelph@umn.edu,3/12/2018,Elianora,Grioli,Female,TRUE
102421,amckennya4@stumbleupon.com,5/1/2017,Glenn,Petera,Female,TRUE
102422,amcteague7p@live.com,8/18/2017,Brena,Linning,Female,TRUE
102423,amcvitym2@storify.com,3/30/2017,Brien,Sparshutt,Male,FALSE
102424,amcwhorterjx@nydailynews.com,9/9/2017,Olivier,Whitlock,Male,FALSE
102425,amonetibc@vinaora.com,7/30/2018,Mariquilla,Stanyer,Female,FALSE
102426,amudiecc@addtoany.com,10/2/2018,Maisey,Doodson,Female,TRUE
102427,anormabell16@constantcontact.com,8/13/2017,Trudey,Le land,Female,FALSE
102428,anormanvillia@examiner.com,12/8/2018,Shanta,Shorie,Female,TRUE
102429,aoillermh@clickbank.net,7/12/2017,Deloris,Christene,Female,FALSE
102430,apearl5r@oracle.com,11/12/2017,Kelvin,Lavielle,Male,TRUE
102431,apickhaverky@yahoo.com,8/22/2018,Zorana,Wensley,Female,TRUE
102432,aposselwhiteoo@phoca.cz,11/5/2018,Peirce,Ortiger,Male,TRUE
102433,aransburyab@webmd.com,3/28/2018,Linn,Forstall,Male,FALSE
102434,arochfordd@mozilla.org,10/24/2017,De witt,Gatch,Male,FALSE
102435,asarsonhh@bbc.co.uk,3/18/2017,Jolie,Nineham,Female,TRUE
102436,asenyardow@booking.com,4/30/2018,Jerrie,Tunsley,Female,FALSE
102437,askellion6h@woothemes.com,10/30/2017,Dilly,Firpi,Male,FALSE
102438,asopperh1@hud.gov,11/22/2018,Waite,Messer,Male,FALSE
102439,asquirehl@nymag.com,4/28/2017,Raf,Buddles,Female,TRUE
102440,astangroomcr@google.ca,1/9/2017,Perry,Dearnley,Male,TRUE
102441,astannusc0@blogger.com,6/20/2018,Buckie,Oakenfield,Male,TRUE
102442,asturedr@icio.us,7/7/2018,Frederic,Shark,Male,TRUE
102443,asweetzer86@de.vu,2/10/2017,Irene,Twell,Female,FALSE
102444,atheussqx@t.co,9/24/2018,Shane,Fulkes,Female,FALSE
102445,atickgs@businesswire.com,7/3/2017,Alexio,Ellson,Male,TRUE
102446,atrittam93@bbb.org,7/10/2017,Massimiliano,Feasey,Male,FALSE
102447,avannetau@topsy.com,1/6/2017,Bliss,Josskoviz,Female,FALSE
102448,avasyaninca@apple.com,2/24/2018,Norman,Yarnall,Male,FALSE
102449,avautre60@4shared.com,10/7/2018,Allegra,Magarrell,Female,FALSE
102450,bakenheadlq@cnbc.com,7/4/2017,Reagen,O'Dyvoy,Male,FALSE
102451,bayling5j@ebay.com,12/15/2017,Valentin,Tuma,Male,TRUE
102452,bbedhamnb@so-net.ne.jp,4/22/2018,Irma,Deschlein,Female,TRUE
102453,bbrattellh4@ca.gov,7/8/2018,Abelard,Dyhouse,Male,TRUE
102454,bbrowneng@4shared.com,6/18/2018,Mil,Render,Female,FALSE
102455,bcompford89@si.edu,9/12/2018,Kristoffer,Sayle,Male,TRUE
102456,bcosgrivelm@shareasale.com,6/6/2018,Park,Foulkes,Male,FALSE
102457,bcostleypr@bloglines.com,12/15/2017,Bruis,Wale,Male,FALSE
102458,bdick9c@sourceforge.net,5/11/2017,Maurine,Thorrington,Female,FALSE
102459,bebleinfb@cnn.com,3/3/2018,Delphine,Sambrook,Female,TRUE
102460,bellyattmj@seesaa.net,12/1/2018,Dorette,Blackhall,Female,FALSE
102461,benevolddw@so-net.ne.jp,1/19/2018,Nilson,Surtees,Male,FALSE
102462,bfigurescu@opensource.org,10/10/2018,Lennard,Shooter,Male,TRUE
102463,bfluinpq@typepad.com,9/28/2018,Darbee,McCabe,Male,TRUE
102464,bfominovcp@princeton.edu,1/18/2018,Lovell,Meneghi,Male,FALSE
102465,bgleetonkz@ox.ac.uk,5/8/2017,Sheridan,Puddifer,Male,TRUE
102466,bgreaserja@seesaa.net,2/28/2018,Bambi,Andrichak,Female,TRUE
102467,bgrzegorzewiczhm@fda.gov,1/5/2017,Rickert,Shepstone,Male,FALSE
102468,bhydechambershu@dot.gov,1/11/2017,Haroun,Conway,Male,FALSE
102469,binnsgi@gizmodo.com,8/14/2017,Deeanne,Blight,Female,TRUE
102470,bivanyukov90@g.co,1/12/2018,Obediah,Brosio,Male,TRUE
102471,bjarmaineqf@mapquest.com,10/10/2017,Luci,Betjeman,Female,TRUE
102472,bkiezlerrl@smh.com.au,1/31/2018,Ozzy,Handslip,Male,FALSE
102473,bkissocknd@bbc.co.uk,6/15/2017,Alfreda,Doornbos,Female,FALSE
102474,blamacraftkl@soundcloud.com,2/26/2018,Lilllie,Borrington,Female,FALSE
102475,blanfranconi52@msu.edu,1/25/2018,Shandy,Westby,Female,FALSE
102476,bleclairem3@aol.com,11/15/2017,Francklyn,Gearing,Male,FALSE
102477,blindenbluthd8@ning.com,4/3/2018,Jone,Mushrow,Male,TRUE
102478,blivelydk@va.gov,8/10/2018,Florencia,Sothern,Female,TRUE
102479,bmaccostiganhy@merriam-webster.com,4/21/2018,Spense,Congrave,Male,TRUE
102480,bmarcoolync4@linkedin.com,4/18/2018,Kaila,Weald,Female,FALSE
102481,bmaro7t@miitbeian.gov.cn,7/23/2018,Moshe,Trigg,Male,FALSE
102482,bmcenteehz@geocities.com,12/13/2017,Evey,Jedrys,Female,FALSE
102483,bmckellene8@samsung.com,10/13/2017,Dannie,Dorward,Female,TRUE
102484,bmclearyni@addtoany.com,3/15/2017,Neill,Sirrell,Male,FALSE
102485,bmuirheadqd@vk.com,7/28/2018,Tremaine,Richie,Male,FALSE
102486,bmutlowbd@example.com,1/30/2018,Odie,Gurnell,Male,FALSE
102487,bnerheny1u@cargocollective.com,8/14/2018,Rayshell,Braim,Female,FALSE
102488,bnormanello3@sbwire.com,9/27/2017,Laetitia,Capponeer,Female,FALSE
102489,bpashleyh2@dagondesign.com,5/25/2017,Garrott,Reddan,Male,TRUE
102490,bpaylegr@va.gov,10/18/2017,Ruttger,Got,Male,TRUE
102491,bpeltzerkw@nifty.com,11/19/2017,Yurik,Gainsborough,Male,FALSE
102492,bpemberyl@ow.ly,3/4/2017,Penelopa,Macourek,Female,TRUE
102493,bpohlskf@hugedomains.com,2/6/2017,Raphaela,Fenlon,Female,FALSE
102494,brawlesfa@unc.edu,2/18/2018,Candy,Patrick,Female,FALSE
102495,briepeld2@blogs.com,9/3/2017,Gery,Phittiplace,Male,TRUE
102496,brustko@google.ca,12/31/2017,Corey,Fosdike,Female,FALSE
102497,bscanlankp@jimdo.com,1/1/2018,Rogers,Varcoe,Male,FALSE
102498,bscurr2t@naver.com,2/22/2017,Carol,Eschelle,Female,TRUE
102499,bsizelb@va.gov,5/3/2018,Zenia,Bradtke,Female,TRUE
102500,bspitell8@addtoany.com,8/18/2017,Randell,Esherwood,Male,TRUE
102501,bstyantf3@whitehouse.gov,1/27/2018,Marshall,Toon,Male,FALSE
102502,bwheatman96@weibo.com,7/18/2018,Morie,Murtagh,Male,FALSE
102503,byvengp@youku.com,11/27/2018,Brittani,Chomicki,Female,FALSE
102504,cadamssonu@wsj.com,4/8/2018,Rikki,Dumphy,Male,TRUE
102505,canniwellfj@phoca.cz,5/4/2017,Dion,Redfield,Female,FALSE
102506,caspdenfd@shutterfly.com,11/8/2018,Stanwood,Humpage,Male,TRUE
102507,cbelchambf@opensource.org,5/9/2018,Loy,Soares,Male,TRUE
102508,cbewseyjy@flickr.com,2/2/2018,Emilia,Bricham,Female,FALSE
102509,cbikker4c@indiegogo.com,8/14/2018,Kimmi,Sacks,Female,TRUE
102510,cblackburneic@wp.com,8/13/2018,Carree,Gulland,Female,TRUE
102511,cbonafacinoc8@vimeo.com,5/30/2018,Odey,Cotes,Male,TRUE
102512,cbooler5s@bizjournals.com,10/2/2017,Helaina,Wooles,Female,TRUE
102513,cborresl0@eepurl.com,12/28/2017,Herbert,Ferenczi,Male,FALSE
102514,cbossomk4@nasa.gov,1/3/2017,Coralie,Lenoir,Female,TRUE
102515,cbridgwaterli@bravesites.com,3/14/2017,Tiffi,O'Teague,Female,FALSE
102516,cburn79@state.gov,3/11/2017,Charlton,Tejero,Male,TRUE
102517,ccampagne8i@hexun.com,4/9/2017,Karlen,Patshull,Female,TRUE
102518,cclemensen1g@pen.io,5/3/2017,Nefen,Olyfat,Male,TRUE
102519,ccolpusd1@blogspot.com,5/11/2018,Isidor,Dann,Male,TRUE
102520,cconrathan@google.ru,1/16/2017,Peadar,Lages,Male,FALSE
102521,ccoopland20@baidu.com,10/25/2017,Rudolph,Alelsandrovich,Male,FALSE
102522,ccrosgrove3n@google.de,4/26/2018,Idette,Leuty,Female,TRUE
102523,cculpinbq@creativecommons.org,11/17/2018,Hunfredo,Lapenna,Male,TRUE
102524,cdespenser8o@angelfire.com,1/4/2018,Jasmin,Taveriner,Female,FALSE
102525,cdeyenhardtbn@baidu.com,8/27/2017,Morten,Abercrombie,Male,TRUE
102526,cdittyb8@arstechnica.com,11/14/2017,Flore,Cersey,Female,TRUE
102527,cdivisml@cocolog-nifty.com,5/30/2018,Saundra,Cicerone,Female,TRUE
102528,cdosdale4o@fema.gov,7/15/2018,Connie,Josilowski,Female,FALSE
102529,cdreigherh8@51.la,8/8/2018,Shaina,Bosquet,Female,FALSE
102530,cdyshart75@altervista.org,3/9/2018,Danila,Dureden,Female,TRUE
102531,cearsmanol@cbslocal.com,1/21/2017,Grady,Ambrogelli,Male,TRUE
102532,ceisikowitchlg@imdb.com,5/29/2017,Guenna,Domenichini,Female,FALSE
102533,ceykelbosch3q@weather.com,2/11/2018,Rutter,Aldis,Male,TRUE
102534,cfontind5@topsy.com,3/29/2017,Windy,Feldmark,Female,TRUE
102535,cgatrellp@furl.net,9/22/2018,Glendon,Barrim,Male,TRUE
102536,cglew5o@npr.org,8/20/2018,Worthington,Tear,Male,TRUE
102537,cgloyensj2@jugem.jp,7/12/2017,Harwilll,Glaze,Male,TRUE
102538,chadlington7r@google.co.uk,6/5/2018,Stacia,Cranney,Female,TRUE
102539,chayenrf@admin.ch,10/11/2018,Arvy,Kalisch,Male,TRUE
102540,chaynesford3v@google.com,5/18/2017,Vito,Barrowcliff,Male,TRUE
102541,cianne63@linkedin.com,12/2/2018,Kalila,Oldland,Female,FALSE
102542,ckarolovskyiu@quantcast.com,2/8/2017,Conrado,Dusting,Male,TRUE
102543,ckeiley7i@bigcartel.com,6/7/2018,Adele,McLleese,Female,FALSE
102544,cknill4v@imageshack.us,4/14/2018,Flss,Gawthorp,Female,TRUE
102545,ckoppelmannv@oaic.gov.au,6/12/2018,Paule,Kalkhoven,Female,FALSE
102546,claceck@sun.com,11/11/2018,Abba,Fosh,Male,TRUE
102547,clanghorne6d@mac.com,10/14/2018,Ly,Roskams,Male,FALSE
102548,clayland37@pinterest.com,7/26/2017,Nelia,Sewart,Female,TRUE
102549,clicasb1@economist.com,7/7/2018,Swen,Abrahamsen,Male,FALSE
102550,cligerln@businessweek.com,3/11/2017,Mattheus,Tresise,Male,FALSE
102551,cluml4@yellowbook.com,12/12/2017,Rayna,Riolfo,Female,TRUE
102552,cmackledenav@cbc.ca,5/7/2018,Peggi,Treneer,Female,TRUE
102553,cmacwilliam8h@last.fm,4/27/2018,Cordelie,Downton,Female,TRUE
102554,cmapson7x@hugedomains.com,8/4/2017,Katya,Pessler,Female,FALSE
102555,cmargiotta5c@constantcontact.com,8/20/2018,Dyanne,Bolver,Female,TRUE
102556,cmawsoni2@cargocollective.com,3/6/2017,Janeva,Hedger,Female,FALSE
102557,cmayberymy@columbia.edu,1/11/2017,Lauri,Lancaster,Female,FALSE
102558,cmccarryb3@weibo.com,7/1/2018,Denyse,Kerins,Female,FALSE
102559,cmccloshk0@icio.us,4/13/2017,Aretha,Digg,Female,FALSE
102560,cmckevanyer@upenn.edu,1/2/2017,Dorelia,Halsworth,Female,FALSE
102561,cmesserif@ocn.ne.jp,5/22/2017,Teressa,Reggler,Female,FALSE
102562,cmoulton5w@stumbleupon.com,7/28/2018,Sheeree,De Goey,Female,FALSE
102563,cnoli9r@wordpress.org,12/6/2017,Adel,Seymour,Female,FALSE
102564,cpinching3b@disqus.com,5/3/2017,Benjie,Raitt,Male,FALSE
102565,cpoore3s@cbslocal.com,5/3/2018,Hans,Breed,Male,TRUE
102566,cpottellc9@adobe.com,5/2/2018,Weber,Minot,Male,FALSE
102567,cregina2i@usgs.gov,10/11/2018,Gunther,Biesty,Male,FALSE
102568,crippingale2s@dailymail.co.uk,6/19/2018,Jacqui,Tilt,Female,TRUE
102569,crobart5n@unblog.fr,8/15/2018,Ediva,Germaine,Female,FALSE
102570,crobbsfy@vk.com,1/21/2018,Jan,Mustchin,Male,FALSE
102571,cruddon@dedecms.com,8/13/2017,Clayton,McMichael,Male,TRUE
102572,csangraay@mlb.com,4/30/2018,Taite,Zanetto,Male,TRUE
102573,csenogleseq@state.gov,7/23/2017,Marcie,Widdicombe,Female,FALSE
102574,cserginsonad@nhs.uk,7/15/2018,Dorotea,Batalini,Female,TRUE
102575,csheberr8@virginia.edu,5/15/2017,Wernher,Reicherz,Male,TRUE
102576,csiemensaz@cam.ac.uk,1/26/2018,Afton,Goseling,Female,TRUE
102577,cskittrellod@4shared.com,7/23/2018,Ethelred,MacDaid,Male,TRUE
102578,csmithiescx@sina.com.cn,5/16/2018,Patric,Jeanneau,Male,TRUE
102579,cstockdalecb@nytimes.com,6/6/2017,Benedetto,Senter,Male,FALSE
102580,csturge4z@paginegialle.it,8/7/2018,Dorella,Eaklee,Female,FALSE
102581,cthandiai@state.gov,9/6/2017,Germaine,Bingley,Male,FALSE
102582,ctomaelloa2@cdbaby.com,2/27/2018,Becky,McKeggie,Female,FALSE
102583,ctwatt71@usnews.com,2/26/2018,Mareah,Webley,Female,TRUE
102584,cvardondd@ustream.tv,4/17/2017,Zolly,Pursey,Male,FALSE
102585,cvillall@webs.com,10/28/2017,Morris,Clemente,Male,FALSE
102586,cwayleniv@google.com,10/22/2018,Murielle,Baile,Female,TRUE
102587,cwickwar72@ox.ac.uk,10/27/2018,Melisent,Tedstone,Female,TRUE
102588,cyankined@cbslocal.com,4/19/2017,Harry,Bowring,Male,TRUE
102589,cyglesiaf2@taobao.com,4/23/2018,Harriot,Shackell,Female,FALSE
102590,dattle8v@vinaora.com,3/6/2017,Jacques,Wheal,Male,TRUE
102591,dayre1o@godaddy.com,3/28/2017,Westley,Shaudfurth,Male,FALSE
102592,dbennem@gravatar.com,8/9/2017,Domini,Heining,Female,TRUE
102593,dbridgestock39@google.com.br,1/19/2017,Sela,Vlasenkov,Female,TRUE
102594,dbrimfielddq@china.com.cn,7/25/2017,Lew,Silmon,Male,TRUE
102595,dbrodyeo@sbwire.com,9/24/2017,Jelene,Brand-Hardy,Female,TRUE
102596,dbruhnsende@jiathis.com,1/19/2017,Lynelle,Bolding,Female,FALSE
102597,dburdett35@blinklist.com,10/31/2018,Towny,Abrehart,Male,TRUE
102598,dcarinejr@godaddy.com,5/20/2017,Belicia,Cargen,Female,FALSE
102599,dcasementnw@cdbaby.com,2/2/2018,Valentine,De Ortega,Male,TRUE
102600,dchevisps@ycombinator.com,7/9/2017,Lynna,Cane,Female,TRUE
102601,dchiplinjz@bigcartel.com,11/8/2017,Hewe,Charopen,Male,FALSE
102602,ddayerri@craigslist.org,6/27/2018,Kayla,Abrahamsen,Female,FALSE
102603,ddemalchar5i@altervista.org,1/27/2017,Feodor,O'Griffin,Male,TRUE
102604,ddemkowiczlv@toplist.cz,1/12/2018,Stanly,Lawrenceson,Male,FALSE
102605,ddursleyby@addthis.com,11/1/2017,Ellie,Ogg,Female,FALSE
102606,deate40@cbsnews.com,7/30/2018,Ewart,McGowran,Male,FALSE
102607,delesk@washingtonpost.com,11/2/2018,Annetta,Lumox,Female,TRUE
102608,dfiddypu@skype.com,10/21/2018,Daile,Merveille,Female,TRUE
102609,dfiggureseh@rediff.com,6/25/2018,Darnell,Halpen,Male,FALSE
102610,dgalpenl9@soup.io,4/28/2017,Tobe,Kehoe,Male,FALSE
102611,dgruczkaet@163.com,9/15/2018,Theodosia,Deabill,Female,TRUE
102612,dgwinnetthi@blinklist.com,7/17/2018,Walton,de la Valette Parisot,Male,TRUE
102613,dheimann1q@wix.com,10/21/2017,Sadie,Maplethorp,Female,FALSE
102614,dholburygf@intel.com,10/29/2018,Kipp,Carlone,Female,FALSE
102615,dkarppi34@chicagotribune.com,12/27/2017,Faustina,Howen,Female,FALSE
102616,dliddalloy@mapquest.com,3/27/2018,Evaleen,Miles,Female,TRUE
102617,dmacknishha@omniture.com,12/26/2017,Clemente,Louch,Male,FALSE
102618,dmaypothergd@tuttocitta.it,6/22/2018,Rodrick,Gobel,Male,TRUE
102619,dmcclounan43@list-manage.com,9/13/2017,Ermentrude,Johncey,Female,FALSE
102620,dmcsaulov@dion.ne.jp,2/23/2018,Kaylil,Pull,Female,FALSE
102621,dmenisj5@google.com.au,2/22/2018,Rachelle,Sally,Female,FALSE
102622,dorfeurk3@istockphoto.com,8/26/2018,Jennilee,Brims,Female,FALSE
102623,dorrittg2@discuz.net,9/25/2018,Stavro,Looker,Male,TRUE
102624,dpaddlenf@japanpost.jp,8/14/2018,Hazel,Caldecutt,Female,TRUE
102625,dpurdylp@webnode.com,3/16/2018,Reuben,Schober,Male,TRUE
102626,draiker4g@senate.gov,2/12/2018,Steven,Gatiss,Male,TRUE
102627,dsackler7f@dell.com,5/30/2018,Vanya,Bather,Male,FALSE
102628,dsever28@google.co.jp,9/6/2017,Egor,McClelland,Male,TRUE
102629,dshimwallpi@amazon.com,11/7/2018,Jemima,Kernock,Female,FALSE
102630,dspeermana3@weather.com,9/27/2018,Rab,Dunstan,Male,TRUE
102631,dstandish8p@yahoo.co.jp,2/27/2017,Elroy,Gouldstraw,Male,FALSE
102632,dsurgey36@fastcompany.com,11/24/2018,Reinhold,Van Hault,Male,TRUE
102633,dtimmismc@miibeian.gov.cn,9/22/2018,Westbrook,Fellows,Male,TRUE
102634,dtolandk9@domainmarket.com,6/29/2018,Hammad,Kolodziej,Male,TRUE
102635,dtrundle4y@statcounter.com,3/1/2017,Rheta,Demogeot,Female,TRUE
102636,dtumbridge2c@slideshare.net,9/27/2017,Adrianna,Lantoph,Female,TRUE
102637,dtyasmx@nba.com,3/29/2017,Crista,Readwood,Female,TRUE
102638,dvenes95@berkeley.edu,6/25/2018,Marietta,Copper,Female,TRUE
102639,dverneyfl@topsy.com,1/27/2017,Koren,Dearness,Female,TRUE
102640,dwhicherap@nature.com,4/24/2017,Atalanta,Sinott,Female,FALSE
102641,ebangheem@slideshare.net,2/12/2018,Francklin,Cuxson,Male,TRUE
102642,ebasketti3@miibeian.gov.cn,9/9/2017,Herold,Silvermann,Male,FALSE
102643,ebeasleighmg@jiathis.com,2/4/2017,Desirae,Stanney,Female,FALSE
102644,eboutellaf@plala.or.jp,7/3/2017,Brena,Birkenshaw,Female,FALSE
102645,ebrandoniqg@bbc.co.uk,4/23/2017,Gregor,Bunker,Male,FALSE
102646,echristal6z@google.ca,2/4/2017,Felizio,Gaskal,Male,TRUE
102647,ecudworth2k@pagesperso-orange.fr,3/14/2017,Abdul,Wickendon,Male,TRUE
102648,edenisckeg@123-reg.co.uk,11/12/2018,Abagael,Girdwood,Female,FALSE
102649,edukesbury1z@ox.ac.uk,3/7/2017,Wes,Parkinson,Male,TRUE
102650,eelwinn7@imageshack.us,6/9/2018,Cayla,Hambly,Female,FALSE
102651,eesbrookfq@last.fm,4/3/2018,Dermot,Van den Velden,Male,TRUE
102652,efearnyhoughc2@soup.io,8/4/2018,Rabbi,Connachan,Male,TRUE
102653,efeasbyef@oaic.gov.au,6/15/2017,Judy,Bugg,Female,FALSE
102654,egabbotts64@blogtalkradio.com,3/29/2018,Cesaro,MacAlroy,Male,TRUE
102655,ehandmorel6@newsvine.com,1/29/2018,Sinclair,Ravel,Male,FALSE
102656,ehexhamhk@webmd.com,5/1/2017,Keslie,Claussen,Female,FALSE
102657,ehirtheil@github.com,7/28/2017,Cullie,Upchurch,Male,TRUE
102658,ekingsnoadek@sohu.com,4/29/2017,Nikolas,Robbel,Male,TRUE
102659,elambethdp@csmonitor.com,6/21/2017,Karin,Bramelt,Female,TRUE
102660,elandeg4e@miibeian.gov.cn,2/24/2017,Umberto,Tixier,Male,FALSE
102661,eleestut9g@bigcartel.com,11/2/2018,Harley,Naulls,Male,TRUE
102662,ematuskala@tinyurl.com,7/10/2017,Margarete,Sindle,Female,FALSE
102663,emenpes53@sfgate.com,4/19/2018,Ange,Loosley,Male,FALSE
102664,eruffli2n@opensource.org,9/28/2017,Ed,Baseke,Male,TRUE
102665,eshankc7@slideshare.net,3/22/2017,Herby,Biggerdike,Male,TRUE
102666,eshurmer8a@who.int,2/11/2017,Mildrid,Jerram,Female,TRUE
102667,estaversmz@google.co.uk,3/30/2017,Prue,Fawlkes,Female,FALSE
102668,etelfordkt@acquirethisname.com,2/27/2018,Mack,Drinkhill,Male,FALSE
102669,etippin62@skype.com,2/2/2017,Kyrstin,Ragles,Female,FALSE
102670,ewaferh9@google.com.au,10/13/2017,Jolee,Sach,Female,TRUE
102671,ewaldrencz@cpanel.net,5/8/2017,Bethena,Steere,Female,FALSE
102672,ewindrassn@gizmodo.com,2/15/2017,Lorrin,Maudson,Female,FALSE
102673,ewoodworthpo@addtoany.com,6/21/2018,Sheffy,Melluish,Male,FALSE
102674,eyanuk7m@reddit.com,12/24/2017,Alyosha,Ghiraldi,Male,TRUE
102675,eyitzhakfk@1688.com,5/18/2017,Eliot,Janz,Male,TRUE
102676,fbarckeu@pagesperso-orange.fr,7/20/2018,Eduard,Berriman,Male,TRUE
102677,fcellonep9@elpais.com,6/21/2018,Kassey,Lovelady,Female,FALSE
102678,fcox22@example.com,8/9/2018,Tabatha,Alldred,Female,FALSE
102679,fgulleford45@ask.com,11/29/2018,Hamlen,Torpie,Male,TRUE
102680,fhaylandsmm@drupal.org,11/4/2018,Lark,Kelf,Female,TRUE
102681,fheads32@nbcnews.com,2/18/2017,Allister,Wickmann,Male,FALSE
102682,fhellard3k@digg.com,9/1/2017,Cristen,Biddwell,Female,TRUE
102683,fingi1@cisco.com,12/20/2017,Hugibert,Hollyar,Male,TRUE
102684,fkinnie83@canalblog.com,10/4/2018,Nelie,Trever,Female,TRUE
102685,fmarkwickle@hibu.com,2/19/2018,Pattie,Jarrelt,Male,TRUE
102686,fmcgillicuddybo@prweb.com,4/22/2018,Adelaide,Stearne,Female,FALSE
102687,fohartnedyrn@state.tx.us,5/25/2017,Glynda,Dinwoodie,Female,TRUE
102688,foldinglc@wp.com,9/8/2017,Consuelo,Arnaud,Female,FALSE
102689,fpeller9j@blogtalkradio.com,6/26/2017,Sibella,Worviell,Female,FALSE
102690,fphilipeauxx@storify.com,9/17/2017,Marissa,Braemer,Female,TRUE
102691,frathbourne8g@noaa.gov,9/1/2018,Wallie,Bilovsky,Male,TRUE
102692,fsharrem3l@eventbrite.com,1/14/2017,Crystie,Salvin,Female,FALSE
102693,fverneax@vistaprint.com,9/13/2017,Liuka,Thalmann,Female,TRUE
102694,fwarbeysgz@ycombinator.com,3/27/2017,Lazare,Scraggs,Male,TRUE
102695,fwinsleye7@umn.edu,8/20/2018,Garrot,Pellew,Male,TRUE
102696,gadandu@smugmug.com,11/25/2018,Grantham,Plum,Male,FALSE
102697,gassanteom@ca.gov,8/30/2018,Gilda,Verrico,Female,FALSE
102698,gblakewayi5@aboutads.info,10/7/2017,Bordie,Schimon,Male,FALSE
102699,gbotton5v@dedecms.com,6/17/2018,Misha,Fleckney,Female,TRUE
102700,gbroskemt@feedburner.com,6/16/2017,Tawnya,Castagno,Female,FALSE
102701,gbulcroftns@freewebs.com,7/28/2017,Yulma,Aarons,Male,FALSE
102702,gcarharth7@boston.com,8/8/2018,Shaine,Maylin,Male,FALSE
102703,gcarlislejv@is.gd,2/6/2017,Nedda,Terrazzo,Female,FALSE
102704,gchamleyc6@ucoz.com,1/7/2018,Sonnie,Annets,Female,FALSE
102705,gchristophersen67@google.ru,1/4/2017,Adela,Bransby,Female,TRUE
102706,gclueos@freewebs.com,7/16/2018,Vladamir,Mulleary,Male,FALSE
102707,gdavidovichoa@sun.com,7/2/2017,Arther,Mackett,Male,TRUE
102708,gdrummondh6@illinois.edu,4/6/2017,Rudiger,Earles,Male,FALSE
102709,gelletson70@time.com,8/20/2017,Aila,Whotton,Female,FALSE
102710,gfawbertr2@nba.com,10/2/2018,Wynny,Coston,Female,FALSE
102711,gfernandezpp@friendfeed.com,11/29/2018,Yard,Elcoux,Male,FALSE
102712,ggeffenkv@bloomberg.com,3/29/2018,Conan,Drage,Male,FALSE
102713,ggitthousedb@marriott.com,1/25/2018,Phyllis,Yeabsley,Female,FALSE
102714,ggoscarji@nature.com,5/10/2018,Sada,Phair,Female,TRUE
102715,gheadly7u@deliciousdays.com,3/15/2018,Rodger,Wadie,Male,FALSE
102716,ghealksl1@liveinternet.ru,1/28/2017,Wolfgang,Girardini,Male,TRUE
102717,ghenricsson4r@tamu.edu,7/18/2018,Jacqueline,Sarle,Female,TRUE
102718,gjancso2q@soundcloud.com,2/10/2018,Gretchen,Turfes,Female,FALSE
102719,gjanosba@clickbank.net,11/3/2017,Maegan,Densham,Female,TRUE
102720,gjarrardm6@twitter.com,9/19/2018,Roz,Ewebank,Female,FALSE
102721,gkitt6y@nsw.gov.au,3/12/2018,Lena,Labrow,Female,TRUE
102722,gkohrtdh@nydailynews.com,3/29/2017,Niall,Everton,Male,FALSE
102723,glangdonnx@myspace.com,1/23/2018,Anatole,Mulder,Male,TRUE
102724,glathome1@shinystat.com,1/13/2018,Adriana,McGuirk,Female,FALSE
102725,glimpenny33@sciencedaily.com,8/17/2017,Jeanie,Nuttall,Female,TRUE
102726,glindsleykk@netvibes.com,7/17/2018,Olivia,Feragh,Female,TRUE
102727,gloache3t@house.gov,1/23/2017,Deane,Giannazzi,Female,FALSE
102728,glorrimanb6@qq.com,1/11/2017,Aura,MacGill,Female,FALSE
102729,glovickq1@who.int,1/16/2018,Cross,Proffer,Male,FALSE
102730,gmcbryde9i@weibo.com,1/12/2017,Eliot,Postin,Male,FALSE
102731,gnodesh@bloomberg.com,4/6/2018,Casie,Trowsdale,Female,FALSE
102732,gohoolahan4q@digg.com,7/8/2018,Issi,Ginn,Female,TRUE
102733,gpauncefootf@squidoo.com,12/28/2017,Kim,Storch,Female,FALSE
102734,gpoldenhj@twitter.com,5/29/2018,Warren,Traher,Male,FALSE
102735,grighyqm@samsung.com,4/27/2017,Graeme,Bucklee,Male,TRUE
102736,grouthamq9@forbes.com,10/4/2018,Muffin,d'Escoffier,Male,FALSE
102737,gshorto98@is.gd,10/6/2017,Pollyanna,Bes,Female,TRUE
102738,gstanmerfe@parallels.com,7/9/2018,Chiquia,Doudney,Female,FALSE
102739,gvoiseyk5@yellowpages.com,6/21/2017,Pepita,Jirsa,Female,TRUE
102740,gvyelkh@cbc.ca,2/4/2017,Baily,MacTimpany,Male,TRUE
102741,gwallmanf0@bbb.org,7/9/2018,Chelsea,Arendt,Female,FALSE
102742,gwalrond3p@dot.gov,7/24/2018,Allan,Blazej,Male,FALSE
102743,gwellfaren6@seattletimes.com,12/5/2018,Brien,Tinsley,Male,FALSE
102744,haldam68@thetimes.co.uk,6/14/2017,Louie,Andriss,Male,TRUE
102745,hallsojw@about.com,11/24/2018,Lory,Littleover,Female,FALSE
102746,harnowiczjh@nsw.gov.au,5/4/2017,Manuel,Large,Male,FALSE
102747,hashenhurst1p@so-net.ne.jp,1/21/2018,Viviene,Grahl,Female,TRUE
102748,hbagnellnm@shareasale.com,2/26/2017,Kale,MacGaughie,Male,FALSE
102749,hborzone9f@un.org,2/26/2017,Kristopher,Rebert,Male,TRUE
102750,hchadbournerm@hugedomains.com,4/3/2018,Kelcy,O'Lahy,Female,TRUE
102751,hchamperlenig@yahoo.co.jp,8/4/2018,Cyndia,Milch,Female,TRUE
102752,hcusick3o@ocn.ne.jp,6/4/2017,Brooke,Durban,Female,TRUE
102753,hgini99@ft.com,7/1/2017,Phyllys,Corneil,Female,TRUE
102754,hglanz4x@naver.com,11/8/2018,Zia,Tyrone,Female,TRUE
102755,hgoodlettb4@is.gd,3/15/2017,Hyatt,Proback,Male,TRUE
102756,hgyenesce@youtube.com,10/17/2018,Abbey,Smoth,Male,FALSE
102757,hhasker5a@whitehouse.gov,5/4/2017,Nanni,Garment,Female,FALSE
102758,hjentlej3@gravatar.com,1/2/2017,Corene,Otteridge,Female,FALSE
102759,hkemcn@ucoz.com,3/6/2017,Roxy,Bater,Female,FALSE
102760,hkillingsworthdv@webnode.com,10/23/2018,Mortie,Lavies,Male,FALSE
102761,hkitchiner65@cam.ac.uk,9/1/2018,Claudian,Dragoe,Male,FALSE
102762,hlongmate2j@free.fr,2/11/2017,Trixie,Eltune,Female,TRUE
102763,hlyddiatt1@artisteer.com,2/5/2018,Massimo,Topp,Male,FALSE
102764,hmant4i@etsy.com,3/31/2017,Barnett,Dwelly,Male,TRUE
102765,hmanthroppebu@123-reg.co.uk,8/27/2017,Zachary,Fairburne,Male,TRUE
102766,hmarrison5b@engadget.com,7/18/2018,Carroll,Redler,Male,FALSE
102767,hmccurt3g@skyrock.com,6/26/2017,Annissa,Slot,Female,TRUE
102768,hpenwrightop@ca.gov,8/27/2017,Delaney,Toulmin,Male,FALSE
102769,hriochnt@yahoo.com,8/7/2018,Osbourn,Churchlow,Male,TRUE
102770,hruffyij@census.gov,5/11/2018,Ronny,Wallwood,Male,FALSE
102771,hschild6k@squarespace.com,3/29/2018,Amber,O'Loughane,Female,TRUE
102772,hshellardmq@drupal.org,5/2/2017,Bertrando,Videneev,Male,FALSE
102773,hsissei7@istockphoto.com,5/18/2018,Florencia,Spybey,Female,FALSE
102774,hskewis8n@tripod.com,4/3/2018,Lea,Ayton,Female,FALSE
102775,hsoldnerbj@globo.com,5/19/2018,Gennie,Elsay,Female,FALSE
102776,hsyvret4m@instagram.com,1/2/2017,Keir,Jizhaki,Male,TRUE
102777,htrevaskissmr@networkadvertising.org,11/9/2018,Mycah,Greedier,Male,TRUE
102778,hwilliam77@apache.org,1/17/2017,Florentia,Boyat,Female,FALSE
102779,ibonasso2@blog.com,1/7/2018,Jo,Glencrosche,Female,TRUE
102780,ibucham6m@canalblog.com,8/1/2018,Evie,Absolon,Female,FALSE
102781,icanen8@live.com,7/11/2018,Velma,Beldom,Female,FALSE
102782,icorlessiy@businessweek.com,3/3/2018,Hasty,McCathy,Male,TRUE
102783,idavidoviczq5@senate.gov,7/13/2018,Chantalle,Knightsbridge,Female,TRUE
102784,idellenbrokgw@cmu.edu,4/9/2018,Ronnie,Medway,Male,TRUE
102785,idoneldj@is.gd,8/31/2017,Tillie,Leibold,Female,FALSE
102786,ieva9m@merriam-webster.com,7/15/2018,Lee,Wegner,Female,FALSE
102787,igrogora7@china.com.cn,11/11/2017,Shandy,Blare,Female,TRUE
102788,ijugginsih@wikipedia.org,7/5/2018,Elna,Stickney,Female,FALSE
102789,ikelstonak@so-net.ne.jp,5/14/2018,Nell,Feakins,Female,FALSE
102790,ilebromr0@slideshare.net,1/19/2018,Uri,O'Callaghan,Male,FALSE
102791,ililianlh@utexas.edu,8/18/2018,Dallas,Rey,Male,TRUE
102792,imannock6i@theguardian.com,8/18/2018,Cass,Goede,Male,TRUE
102793,imoizerdy@bravesites.com,10/3/2017,Ann-marie,Featherstonehaugh,Female,TRUE
102794,ioleninep@dailymail.co.uk,5/28/2018,Allix,Bennedsen,Female,TRUE
102795,iparadis92@huffingtonpost.com,7/15/2018,Alexandra,Cambling,Female,FALSE
102796,ipurvessp8@icio.us,7/2/2018,Wayland,Goodrich,Male,FALSE
102797,ipydcockev@census.gov,1/1/2017,Tessa,Kilfether,Female,FALSE
102798,isainsbury25@wikimedia.org,12/15/2017,Belita,Shute,Female,TRUE
102799,iscandretta0@shinystat.com,1/7/2017,Nathanil,Teek,Male,FALSE
102800,ischiersch31@illinois.edu,2/26/2018,Armstrong,Crilley,Male,FALSE
102801,ishadfourthw@springer.com,11/24/2018,Pris,McBoyle,Female,TRUE
102802,itompkiss23@vkontakte.ru,11/25/2018,Roxanna,Turmell,Female,FALSE
102803,iungerechtd9@chicagotribune.com,9/19/2018,Justinn,Aldersey,Female,FALSE
102804,iwestmancoat6o@ca.gov,3/8/2017,Joy,Hardesty,Female,TRUE
102805,iwoolcockslu@people.com.cn,3/6/2018,Michael,Teesdale,Male,FALSE
102806,janderton1f@linkedin.com,4/3/2017,Madella,Galletley,Female,FALSE
102807,jaristide5k@google.it,11/17/2018,Adelina,Savage,Female,TRUE
102808,jashbyq7@meetup.com,8/30/2018,Davey,Kobsch,Male,TRUE
102809,jbatha42@github.io,11/21/2018,Gauthier,Lumox,Male,FALSE
102810,jbruyns8m@linkedin.com,3/25/2018,Jo-anne,Slaght,Female,FALSE
102811,jbryningqy@posterous.com,8/2/2017,Timi,Yendle,Female,TRUE
102812,jbullcock49@example.com,3/4/2017,Julissa,Lindeberg,Female,TRUE
102813,jbunclarkqi@typepad.com,10/30/2018,Kendricks,Pigford,Male,FALSE
102814,jbunstone1j@psu.edu,12/15/2017,Evvie,Couroy,Female,FALSE
102815,jcaudrelierdi@wunderground.com,8/1/2018,Feliza,Costen,Female,TRUE
102816,jceland38@state.tx.us,10/20/2018,Marsh,Shingles,Male,TRUE
102817,jcollcottis@economist.com,9/30/2017,Prescott,Barabich,Male,TRUE
102818,jconenpw@senate.gov,8/12/2017,Verine,Norvel,Female,FALSE
102819,jcordeiro6u@cnn.com,5/4/2017,Dorthy,Tunesi,Female,TRUE
102820,jcraykerl5@sakura.ne.jp,9/13/2018,Shaun,Kitchen,Female,FALSE
102821,jcraze4p@wp.com,2/25/2017,Dewie,Kelly,Male,FALSE
102822,jcurgenvenoi@eepurl.com,7/23/2018,Broddy,Towell,Male,FALSE
102823,jdrivers47@biglobe.ne.jp,7/28/2018,Phyllys,Tottie,Female,FALSE
102824,jestable4k@bandcamp.com,11/23/2018,Edin,Pitcaithly,Female,TRUE
102825,jfraanchyonok8d@springer.com,7/28/2018,Thain,Bamlett,Male,FALSE
102826,jgannicliffthq@vimeo.com,6/20/2018,Jillane,Thomke,Female,TRUE
102827,jgarbutt7l@zdnet.com,6/26/2017,Cos,Van Dalen,Male,TRUE
102828,jgarlickcv@macromedia.com,8/26/2017,Skipper,Spridgeon,Male,FALSE
102829,jgashion8t@alexa.com,3/2/2018,Timothee,Galsworthy,Male,TRUE
102830,jgatheridger4@adobe.com,8/7/2017,Marylee,Lawn,Female,TRUE
102831,jgaynesford2w@hexun.com,11/5/2018,Dmitri,Lundbeck,Male,TRUE
102832,jgermainejp@gov.uk,6/17/2018,Cullin,Wreiford,Male,TRUE
102833,jgiovanettigv@ca.gov,1/5/2018,Fee,Salvage,Male,FALSE
102834,jgreatorexgh@php.net,9/8/2018,Nolana,Ivery,Female,TRUE
102835,jgresham3m@engadget.com,11/24/2017,Gun,Mayhou,Male,FALSE
102836,jgrogan7c@xing.com,2/13/2017,Harli,Blinder,Female,TRUE
102837,jgynnju@twitpic.com,5/20/2018,Brit,Darkin,Male,TRUE
102838,jhambridgeg9@mit.edu,9/21/2017,Arden,Hizir,Female,FALSE
102839,jhammer88@soup.io,10/11/2017,Mitzi,Seebright,Female,TRUE
102840,jharkesqj@blogtalkradio.com,8/24/2017,Clovis,Boxhall,Female,FALSE
102841,jheliotf5@addthis.com,6/28/2017,Borden,Royl,Male,FALSE
102842,jhuddlesbk@trellian.com,1/7/2018,Ulrikaumeko,Pollok,Female,TRUE
102843,jhulmeec@apache.org,6/19/2017,Bron,Sloley,Male,FALSE
102844,jhuorticj9@reference.com,6/4/2017,Tammie,Dyett,Female,FALSE
102845,jjedrzejkiewiczik@istockphoto.com,5/27/2017,Sherwynd,O'Dooghaine,Male,TRUE
102846,jkemshell3h@freewebs.com,1/10/2018,Arleta,Albrook,Female,TRUE
102847,jklaussenhx@ow.ly,7/19/2017,Ilka,Alejo,Female,TRUE
102848,jklimeckihe@hubpages.com,5/7/2018,Dallon,Mulford,Male,TRUE
102849,jkordas9v@theguardian.com,9/8/2017,Cullan,Nannetti,Male,FALSE
102850,jleee9@mysql.com,4/4/2018,Kaycee,Georgeot,Female,TRUE
102851,jlibbis5y@t.co,8/6/2018,Mia,Pasquale,Female,TRUE
102852,jlindup9z@yahoo.co.jp,7/6/2018,Galvin,Munslow,Male,FALSE
102853,jlinnemanngg@zdnet.com,12/22/2017,Luz,Rotlauf,Female,TRUE
102854,jmacdiarmidrg@timesonline.co.uk,5/15/2017,Roseline,Thynn,Female,TRUE
102855,jmandifielda1@unesco.org,8/1/2017,Stevana,Paul,Female,TRUE
102856,jmcbeathie@imgur.com,8/10/2018,Benn,McReidy,Male,FALSE
102857,jmorforthfr@macromedia.com,6/23/2017,Marisa,Jimenez,Female,TRUE
102858,jmosconn4@economist.com,4/16/2018,Corbin,Varrow,Male,FALSE
102859,jpitherickcg@jalbum.net,3/8/2017,Ruth,Paty,Female,FALSE
102860,jplakco@mac.com,9/22/2018,Russ,Thonger,Male,FALSE
102861,jramsellim@ovh.net,4/18/2017,Rica,Milbourn,Female,FALSE
102862,jroggero4h@ocn.ne.jp,9/25/2017,Nicky,Kreuzer,Female,FALSE
102863,jrosternenu@newsvine.com,2/12/2017,Lucina,Fydoe,Female,FALSE
102864,jrudsdalekx@cbc.ca,9/12/2017,Sax,Crapper,Male,TRUE
102865,jsackurdj@devhub.com,3/17/2017,Eryn,Mc Andrew,Female,TRUE
102866,jsharplef1@liveinternet.ru,4/17/2018,Emylee,Greenacre,Female,TRUE
102867,jsuccamoreqb@blogger.com,3/21/2017,Judas,Cawood,Male,FALSE
102868,jtickneri8@alibaba.com,5/11/2017,Hewet,Gregersen,Male,FALSE
102869,jtomaszczyk80@hc360.com,1/9/2017,Lotti,Calbreath,Female,FALSE
102870,jtoolandl@istockphoto.com,5/1/2017,Jenda,Veasey,Female,TRUE
102871,jwacefx@freewebs.com,7/19/2018,Moe,Vaneev,Male,TRUE
102872,jyatefz@seesaa.net,11/25/2017,Russ,Middlemiss,Male,FALSE
102873,kalburyao@delicious.com,6/5/2017,Andrew,Sandars,Male,FALSE
102874,kbalchen5f@geocities.jp,6/19/2018,Fern,McEntagart,Female,FALSE
102875,kbartelsellisq4@go.com,6/18/2018,Kalle,Boshell,Male,FALSE
102876,kbeine9q@tiny.cc,10/25/2018,Karlene,Tregiddo,Female,TRUE
102877,kbirkenheadmb@sina.com.cn,10/7/2018,Jessey,Faas,Male,TRUE
102878,kblackburnenk@jugem.jp,8/21/2018,Gerry,Late,Male,FALSE
102879,kbudcock6c@mozilla.com,2/24/2017,Sven,Lamprey,Male,TRUE
102880,kbyhamnl@nymag.com,10/9/2017,Fransisco,Koppke,Male,FALSE
102881,kdaymondro@shop-pro.jp,10/29/2018,Claretta,Illem,Female,TRUE
102882,kdebrick91@drupal.org,9/9/2017,Devondra,Bome,Female,FALSE
102883,kfranzschoningeriq@storify.com,4/16/2017,Riane,Edmons,Female,TRUE
102884,kgoomes78@fastcompany.com,6/18/2018,Arvie,Bloschke,Male,FALSE
102885,kharnes1k@pagesperso-orange.fr,12/6/2017,Davidson,Kettlestringe,Male,FALSE
102886,kharsent9x@4shared.com,11/14/2017,Iggie,Gavey,Male,FALSE
102887,khindenburg3@blogspot.com,11/21/2017,Spence,Pykett,Male,FALSE
102888,kkauschkec1@blinklist.com,1/5/2017,Noami,Avrahm,Female,FALSE
102889,klegendregt@vistaprint.com,1/24/2018,Ephraim,Nannini,Male,TRUE
102890,kleighton6b@angelfire.com,6/1/2017,Sayres,Dwight,Male,FALSE
102891,kliquorishhw@goodreads.com,11/28/2018,Yorgos,Sidaway,Male,TRUE
102892,klittellgy@globo.com,6/5/2018,Ritchie,Tomowicz,Male,TRUE
102893,kmcilwrathfs@accuweather.com,3/7/2017,Madonna,Venediktov,Female,FALSE
102894,kmedforthbz@spiegel.de,3/23/2017,Erinn,Monday,Female,TRUE
102895,konionr1@angelfire.com,3/21/2017,Lief,Batstone,Male,TRUE
102896,kprattpj@163.com,4/8/2018,Yard,Rowen,Male,TRUE
102897,krimehb@ehow.com,8/3/2018,Hubey,Theml,Male,TRUE
102898,ksimond3e@unblog.fr,1/15/2018,Yul,Bodicum,Male,FALSE
102899,ksnipe8e@sakura.ne.jp,2/9/2017,Wolf,Philliphs,Male,TRUE
102900,kthunnercliffemk@ucoz.com,6/2/2017,Stacey,Shires,Female,FALSE
102901,ktiffinp2@ovh.net,7/21/2018,Lanette,Scawn,Female,TRUE
102902,ktoopin9l@linkedin.com,10/21/2018,Innis,Bampkin,Male,TRUE
102903,kwhiskerqs@multiply.com,4/25/2017,Sollie,Sonner,Male,FALSE
102904,kwynrahame4d@blog.com,6/7/2017,Frankie,Jacob,Female,FALSE
102905,lackroyd8w@youtu.be,5/24/2017,Janek,Scowcroft,Male,TRUE
102906,lalderwickp7@linkedin.com,5/30/2017,Dominick,Huffadine,Male,TRUE
102907,lantoinet27@java.com,5/3/2018,Berky,Goodoune,Male,FALSE
102908,lbarnardqe@unblog.fr,9/27/2018,Nye,Dayce,Male,FALSE
102909,lbecceroam@uol.com.br,6/29/2017,Giselle,Gallahar,Female,TRUE
102910,lboscherqc@time.com,9/28/2018,Olva,Gallimore,Female,FALSE
102911,lbromilowku@loc.gov,3/9/2018,Melesa,Dillicate,Female,TRUE
102912,lcasbonrk@ehow.com,1/19/2018,Bertram,Lamplugh,Male,TRUE
102913,lcasson41@epa.gov,6/21/2018,Obidiah,Scurrah,Male,TRUE
102914,lcatoncl@stumbleupon.com,6/17/2018,Kip,Cabedo,Male,TRUE
102915,lcromblehomeft@apache.org,8/13/2017,Adelina,Liepins,Female,TRUE
102916,lcucinottaa5@state.gov,10/21/2017,Vernor,Pescod,Male,FALSE
102917,lcuttsel@fda.gov,8/14/2017,Web,Pennings,Male,FALSE
102918,ldeakinsoc@boston.com,6/7/2017,Kermit,Slemming,Male,FALSE
102919,ldodgsoncs@flickr.com,5/22/2018,Consuelo,Dunford,Female,TRUE
102920,ldossett76@kickstarter.com,11/23/2018,Cal,Persse,Female,TRUE
102921,ldowzellpz@eventbrite.com,5/14/2017,Erl,Pedri,Male,FALSE
102922,ldubarry2g@alibaba.com,4/22/2017,Marlee,Milch,Female,TRUE
102923,lesmond5p@noaa.gov,12/12/2017,Silvanus,Pigeram,Male,FALSE
102924,lfergyson7a@globo.com,12/14/2018,Thibaud,Bremeyer,Male,FALSE
102925,lflawnhg@com.com,11/7/2018,Colin,Newlove,Male,TRUE
102926,lfranceschae@joomla.org,12/12/2018,Orlan,MacKellen,Male,TRUE
102927,lgetleyal@wikimedia.org,4/24/2017,Jojo,Morville,Female,FALSE
102928,lgillon17@meetup.com,7/18/2017,Katey,Bauduin,Female,FALSE
102929,lgossartpk@discovery.com,11/16/2017,Ellynn,Studholme,Female,TRUE
102930,lhessera8@netscape.com,8/18/2018,Ruthie,Banting,Female,FALSE
102931,lhighmana@cnet.com,3/18/2017,Falito,Uman,Male,FALSE
102932,lhowtonbw@joomla.org,2/10/2018,Davis,Canto,Male,TRUE
102933,listonk6@techcrunch.com,8/24/2017,Daphne,Roser,Female,TRUE
102934,ljinabt@netscape.com,9/16/2017,Krystyna,Yarrell,Female,TRUE
102935,ljoinseyo8@businesswire.com,3/14/2017,Bearnard,Boynton,Male,FALSE
102936,lkilmartinp4@ezinearticles.com,12/9/2017,Frasquito,Mazonowicz,Male,TRUE
102937,lkroliknz@yale.edu,5/12/2018,Marcelo,Ascrofte,Male,TRUE
102938,lmackiewicz1s@xrea.com,8/13/2017,Silvester,Collimore,Male,TRUE
102939,lmassardbp@amazon.co.uk,12/20/2017,Neely,Geydon,Female,TRUE
102940,lmcgeechanjg@goo.ne.jp,1/25/2017,Tammie,Walford,Female,TRUE
102941,lmcraeo7@wordpress.com,4/14/2018,Pren,Alfonsetto,Male,TRUE
102942,lmeyshame6@admin.ch,10/2/2017,Rossy,Buffham,Male,TRUE
102943,lmixworthy7b@xinhuanet.com,10/29/2017,Batsheva,Lincey,Female,FALSE
102944,lmoppettbg@ovh.net,7/5/2018,Dollie,Orhtmann,Female,FALSE
102945,lnewlovedn@ft.com,8/26/2017,Denis,Burbury,Male,TRUE
102946,lnolotl8@washington.edu,5/9/2018,Darcy,Gomersall,Male,FALSE
102947,loliveira24@php.net,9/30/2018,Colline,Bowdon,Female,FALSE
102948,lpaishaw@umn.edu,10/18/2018,Lucita,Vale,Female,FALSE
102949,lphelan1e@storify.com,3/4/2018,Kyle,Jochanany,Female,TRUE
102950,lpickervanceof@vimeo.com,1/6/2018,Sheree,Moen,Female,TRUE
102951,lpikesleyct@army.mil,5/24/2018,Hulda,Attwill,Female,TRUE
102952,lrothermel56@newsvine.com,9/29/2018,Melvyn,Ilyenko,Male,TRUE
102953,lrudkin7w@nationalgeographic.com,10/23/2017,Esmaria,Pellett,Female,TRUE
102954,lruoff4n@constantcontact.com,1/7/2018,Hillary,Dundridge,Female,TRUE
102955,lseifk8@sbwire.com,4/28/2017,Malia,D'Aulby,Female,TRUE
102956,lskentelberyjf@discuz.net,10/11/2018,Claiborne,Hedditch,Male,TRUE
102957,lsmallpeicee2@ovh.net,3/28/2017,Lindy,Millom,Female,TRUE
102958,lspringford1y@ocn.ne.jp,10/8/2017,Currey,Pebworth,Male,FALSE
102959,ltullochm5@boston.com,4/2/2017,Wilie,Laboune,Female,FALSE
102960,ltyrwhittje@mlb.com,8/10/2017,Wandie,Garfirth,Female,FALSE
102961,lwicklin9e@sourceforge.net,12/4/2018,Homerus,Berlin,Male,TRUE
102962,malderseae0@illinois.edu,5/10/2018,Blithe,Kobelt,Female,TRUE
102963,mattockqn@marriott.com,10/3/2017,Scot,Laughton,Male,FALSE
102964,mbaddoeqh@spotify.com,2/14/2018,Lester,Whereat,Male,FALSE
102965,mballin9a@yahoo.co.jp,2/22/2017,Ernestus,Pucknell,Male,FALSE
102966,mbellordat@alexa.com,2/22/2017,Shelbi,Sharma,Female,TRUE
102967,mbereford1v@bloglines.com,1/10/2017,Reggi,Moorcraft,Female,FALSE
102968,mbickfordk2@naver.com,4/18/2017,Carolin,Golbourn,Female,TRUE
102969,mbonde7q@macromedia.com,2/11/2018,Elladine,Jeremaes,Female,FALSE
102970,mbourchieri0@ovh.net,3/6/2018,Bertie,Knell,Male,FALSE
102971,mbreitlingnv@patch.com,8/8/2018,Glennie,Stanluck,Female,FALSE
102972,mburnessno@boston.com,8/28/2018,Brandice,Bussey,Female,TRUE
102973,mchaferok@comcast.net,12/5/2018,Cathrine,Slowcock,Female,TRUE
102974,mcopeen@seattletimes.com,11/27/2018,Lynn,Sitlington,Female,FALSE
102975,mcowthardj0@nationalgeographic.com,6/17/2017,Alvan,Bowmen,Male,TRUE
102976,mcratere6f@omniture.com,7/3/2017,Lizabeth,Wanka,Female,FALSE
102977,mdagon85@irs.gov,3/6/2017,Fernanda,Sabathier,Female,FALSE
102978,meades59@mysql.com,12/30/2017,Garner,Busk,Male,TRUE
102979,megintonit@yellowpages.com,4/12/2018,Cammie,Mitchely,Female,FALSE
102980,memsdenqa@wiley.com,9/14/2018,Clyve,Rowles,Male,FALSE
102981,mewenj7@arstechnica.com,10/4/2017,Rafaela,Addionisio,Female,FALSE
102982,mfairbournir@yolasite.com,9/28/2017,Garrot,Idill,Male,TRUE
102983,mfanthomego@oracle.com,9/21/2018,Neille,Vondra,Female,TRUE
102984,mforteyex@4shared.com,12/22/2017,Dorelle,Towriss,Female,TRUE
102985,mgaunt6q@washingtonpost.com,11/26/2017,Weider,Julyan,Male,FALSE
102986,mgruszczak4w@earthlink.net,6/13/2017,Gwenora,Southcoat,Female,FALSE
102987,mgunther8l@mapquest.com,8/11/2017,Merrielle,Ivshin,Female,FALSE
102988,mhallawaysp3@reference.com,2/25/2018,Dacy,Bonham,Female,FALSE
102989,mhunnybun7@loc.gov,9/14/2018,Ambrosio,Badini,Male,TRUE
102990,mhynardqv@sakura.ne.jp,6/12/2017,Godard,Gussie,Male,TRUE
102991,mioannou2p@blogs.com,3/15/2018,Jonie,Tarbard,Female,FALSE
102992,mjappmp@jugem.jp,4/27/2018,Shelagh,Stanway,Female,TRUE
102993,mjerschor@hc360.com,12/3/2018,Ingram,Shotboult,Male,FALSE
102994,mjouannot1r@networksolutions.com,8/29/2017,Noellyn,Joscelyne,Female,FALSE
102995,mkitchensideqr@bloglines.com,1/11/2018,Ginevra,Worboys,Female,FALSE
102996,mkorlatms@tmall.com,5/16/2017,Janeen,Rosedale,Female,TRUE
102997,mkunkd@cbc.ca,6/15/2017,Guenna,Mansbridge,Female,FALSE
102998,mlenourybe@dagondesign.com,6/9/2018,Claiborne,Cicetti,Male,FALSE
102999,mletessier5m@kickstarter.com,9/10/2018,Arlinda,Rowlin,Female,FALSE
103000,mloneyei@psu.edu,7/28/2018,Liane,Castaneda,Female,TRUE
103001,mmabenb9@list-manage.com,7/20/2017,Ruy,Pinnigar,Male,FALSE
103002,mmacallamls@netlog.com,11/12/2017,Tobie,Isbell,Male,FALSE
103003,mmcfallg5@salon.com,10/15/2017,Erie,Niesing,Male,TRUE
103004,mmickancy@ihg.com,2/3/2017,Britte,Stubs,Female,FALSE
103005,molyunini4@ucsd.edu,6/8/2017,Thibaut,Hartup,Male,TRUE
103006,mosheep1@hao123.com,4/1/2017,Christos,Maughan,Male,TRUE
103007,mosheerinb2@gov.uk,4/27/2017,Mick,Farryan,Male,FALSE
103008,mpettyfer2a@yahoo.co.jp,1/3/2018,Guthrie,Gipp,Male,TRUE
103009,mqualtroughfu@earthlink.net,4/16/2018,Chryste,Kilgour,Female,TRUE
103010,msaffenr5@timesonline.co.uk,9/14/2018,Harry,Passey,Male,FALSE
103011,mschoffler6v@diigo.com,9/19/2017,Ermengarde,Supple,Female,FALSE
103012,mshoutr3@tiny.cc,7/16/2018,Marilee,Buckhurst,Female,FALSE
103013,mskettp0@bloomberg.com,11/11/2017,Byrle,Brignall,Male,FALSE
103014,msmewin2d@4shared.com,12/16/2018,Gordie,Jovicevic,Male,FALSE
103015,mstanger8q@moonfruit.com,7/6/2018,Dag,Smelley,Male,TRUE
103016,mstonhouse61@360.cn,9/29/2018,Flory,McGonigle,Male,FALSE
103017,mtewkesberry6s@newyorker.com,7/14/2018,Lazaro,Jayes,Male,FALSE
103018,mtunnyfw@sbwire.com,4/29/2018,Mela,Furber,Female,FALSE
103019,mwarrior97@alibaba.com,10/14/2018,Riordan,Renoden,Male,FALSE
103020,mwattingp6@usnews.com,4/17/2018,Alysia,Frowen,Female,FALSE
103021,mweiner3j@cdbaby.com,7/23/2017,Jada,Chagg,Female,TRUE
103022,mwestphaleno4@bravesites.com,11/7/2017,Lou,Cuncliffe,Male,TRUE
103023,myankov3d@ycombinator.com,9/1/2018,Kore,Spowart,Female,FALSE
103024,mzelland7d@cbsnews.com,6/5/2018,Warde,Strother,Male,FALSE
103025,nabsolem84@photobucket.com,2/5/2018,Rob,Harrigan,Male,FALSE
103026,naguirreib@newyorker.com,7/22/2017,Gayler,Kynman,Male,TRUE
103027,nbelshamrb@psu.edu,5/1/2017,Lindsy,Zaniolini,Female,TRUE
103028,nbriamoiz@livejournal.com,12/29/2017,Quintus,Welband,Male,FALSE
103029,nbrundle3i@photobucket.com,9/9/2017,Tynan,Laingmaid,Male,FALSE
103030,nbrunetonk1@elegantthemes.com,6/12/2018,Kathye,Naylor,Female,FALSE
103031,ncafferyk7@rediff.com,5/30/2017,Leonard,Gregori,Male,FALSE
103032,ncartwightlr@tumblr.com,12/18/2018,Rennie,Viant,Female,TRUE
103033,ncasleyjn@sakura.ne.jp,2/23/2017,Pepe,Bartelet,Male,FALSE
103034,ncouldwells@joomla.org,3/28/2017,Shelden,Kirckman,Male,FALSE
103035,ncrohanhf@jalbum.net,3/23/2017,Carlita,Spieck,Female,FALSE
103036,ndurrance19@sina.com.cn,1/2/2017,Raoul,Skamell,Male,FALSE
103037,nhanrotthn@berkeley.edu,8/21/2018,Lindsay,Ollie,Female,TRUE
103038,nhegerty9p@spotify.com,12/4/2018,Georgena,Khadir,Female,TRUE
103039,nhuegett87@wired.com,10/30/2017,Isidro,Blackey,Male,FALSE
103040,nhugk7k@parallels.com,7/30/2018,Tibold,Cund,Male,FALSE
103041,nhusband2z@facebook.com,11/20/2018,Laurence,Simpkin,Male,FALSE
103042,nolonekj@narod.ru,11/19/2017,Kalindi,Castard,Female,TRUE
103043,npetrelli6g@fda.gov,7/30/2017,Normy,McKnockiter,Male,FALSE
103044,npopping2x@dell.com,5/24/2017,Krisha,Garroch,Male,TRUE
103045,nrookebyf6@usatoday.com,11/21/2018,Charline,Gilardone,Female,FALSE
103046,nshimwell7e@goo.gl,8/8/2018,Dennis,Chiplin,Male,TRUE
103047,nsivorn7z@addtoany.com,9/15/2017,Garrett,Iskowitz,Male,FALSE
103048,nskidmore4f@discuz.net,2/2/2018,Elia,McCullogh,Male,FALSE
103049,nsodahr@wisc.edu,3/11/2018,Cacilie,Youle,Female,FALSE
103050,nspaducci7h@loc.gov,6/7/2017,Corrinne,Jardine,Female,TRUE
103051,nstowellg6@mozilla.com,5/8/2018,Becky,Bosward,Female,FALSE
103052,ntuplin4s@redcross.org,12/18/2017,Imojean,Logan,Female,FALSE
103053,nvigneron7v@lulu.com,8/22/2017,Ryon,Di Domenico,Male,TRUE
103054,oblannkg@wired.com,10/20/2017,Anni,Goadbie,Female,TRUE
103055,obouchierpa@list-manage.com,2/6/2017,Kat,Keningham,Female,TRUE
103056,oburds6n@ycombinator.com,4/10/2018,Prescott,Clouter,Male,TRUE
103057,oconeq2@dmoz.org,10/20/2018,Manny,Smalles,Male,FALSE
103058,odemeltfo@bloomberg.com,3/22/2017,Elnore,Topliss,Female,FALSE
103059,odonawaylt@dell.com,1/2/2018,Baxy,Chaffen,Male,TRUE
103060,ohallowsl2@wikimedia.org,5/3/2018,Reynolds,Shrieve,Male,FALSE
103061,olefortdc@umn.edu,6/5/2018,Rodrick,Freeland,Male,FALSE
103062,omatthesiusee@constantcontact.com,10/7/2017,Mel,Paolini,Male,TRUE
103063,ostanexq@earthlink.net,2/3/2018,Ruperta,Ryton,Female,FALSE
103064,ostonhewerah@sitemeter.com,5/17/2017,Cori,Drakard,Female,FALSE
103065,owaddell1m@dion.ne.jp,7/6/2018,Skell,Zuanazzi,Male,FALSE
103066,paikmano9@usgs.gov,10/31/2017,Kelsy,Phelipeaux,Female,FALSE
103067,pattockdm@baidu.com,2/10/2018,Cris,Braunds,Male,TRUE
103068,pbastickks@wiley.com,1/4/2017,Sibylle,Jaques,Female,FALSE
103069,pbottlestonehd@unesco.org,1/29/2018,Essa,Cobelli,Female,TRUE
103070,pclapison3y@washington.edu,2/10/2017,Dare,Heymann,Male,TRUE
103071,pcossumny@baidu.com,9/3/2018,Bekki,Primett,Female,FALSE
103072,pcripwellkc@theguardian.com,8/17/2017,Albrecht,Torrance,Male,FALSE
103073,pdagostini8f@java.com,2/22/2018,Garey,Cook,Male,FALSE
103074,pdaoustc3@un.org,8/10/2017,Brandea,Roff,Female,TRUE
103075,pdavidofma@wikipedia.org,1/9/2018,Shaughn,Densell,Male,TRUE
103076,pedgingtoneb@constantcontact.com,3/15/2017,Constantina,Klemensiewicz,Female,FALSE
103077,pespadaterki@zimbio.com,5/13/2017,Darci,Dautry,Female,FALSE
103078,pfellgettb@china.com.cn,8/4/2017,Orran,Hinsch,Male,TRUE
103079,pgetcliffe8z@cam.ac.uk,2/14/2018,Guillermo,O'Kennavain,Male,FALSE
103080,pgostlingnj@earthlink.net,2/23/2017,Chevalier,Ackers,Male,FALSE
103081,phaug9w@google.fr,2/11/2017,Neale,Nassi,Male,FALSE
103082,pkauscheox@amazon.de,9/7/2017,Harlen,Bibbie,Male,FALSE
103083,pletessierag@springer.com,7/6/2018,Gisele,Paraman,Female,TRUE
103084,pmacaughtrie8y@answers.com,3/8/2017,Lilia,Darko,Female,FALSE
103085,pmarrioti6@slideshare.net,7/3/2017,Brittaney,Jenno,Female,TRUE
103086,pmcpolind4@digg.com,7/9/2017,Christen,Di Claudio,Female,FALSE
103087,pnanellin0@hatena.ne.jp,5/20/2017,Clay,Tebbitt,Male,TRUE
103088,pneilandj6@blogtalkradio.com,1/4/2017,Nerty,Qusklay,Female,FALSE
103089,pparramore4l@arstechnica.com,8/21/2017,Bernette,Reith,Female,FALSE
103090,ppaulard@techcrunch.com,2/19/2017,Marcille,D'Aguanno,Female,TRUE
103091,ppetera3f@wufoo.com,2/11/2018,Glenden,Juara,Male,FALSE
103092,pswabeykm@deliciousdays.com,3/27/2018,Orel,Gouda,Female,FALSE
103093,purenj4@furl.net,7/24/2018,Thia,Starten,Female,FALSE
103094,pventonb7@nsw.gov.au,2/10/2018,Hamid,Troker,Male,FALSE
103095,pyoullmd@admin.ch,6/16/2018,Julienne,Andrichuk,Female,TRUE
103096,qraw8j@ucoz.ru,2/22/2018,Milicent,Whitewood,Female,FALSE
103097,qsissot2@apache.org,10/31/2018,Lorant,Phetteplace,Male,FALSE
103098,qstruis9b@4shared.com,7/15/2018,Sonni,Fullagar,Female,FALSE
103099,qtiddew@twitpic.com,2/27/2018,Dermot,Jeays,Male,FALSE
103100,qwrethamc5@google.nl,5/24/2017,Flore,Stranks,Female,FALSE
103101,ralabasteraq@ed.gov,9/9/2018,Patty,Guilloud,Male,FALSE
103102,rallworthyac@ifeng.com,8/12/2018,Denys,MacCallion,Female,TRUE
103103,rarnaldi2m@paginegialle.it,1/17/2018,Deck,Pauling,Male,FALSE
103104,rassante1d@nasa.gov,7/27/2017,Antons,Niessen,Male,FALSE
103105,raudiss5l@weibo.com,4/30/2017,Giustina,Herche,Female,TRUE
103106,rbaltzarez@princeton.edu,8/30/2017,Forrester,Doubrava,Male,FALSE
103107,rbarstockg3@shutterfly.com,7/13/2017,Dolores,Axford,Female,TRUE
103108,rbighamf8@vkontakte.ru,7/6/2018,Bernetta,Kettlestringes,Female,TRUE
103109,rbohlingfn@state.tx.us,6/17/2017,Boigie,Church,Male,TRUE
103110,rcalles30@photobucket.com,8/4/2018,Meyer,Smiz,Male,TRUE
103111,rcarreyetteqq@uol.com.br,6/13/2018,Jessie,Deerness,Female,TRUE
103112,rcatmull11@printfriendly.com,10/12/2017,Halli,Sofe,Female,TRUE
103113,rcottierhs@free.fr,2/4/2017,George,Aughtie,Male,TRUE
103114,rcrohanhp@pen.io,12/1/2017,Sven,Bidnall,Male,TRUE
103115,rcumberlanddg@japanpost.jp,2/19/2017,Barnard,Hatch,Male,TRUE
103116,rdoolyfg@imageshack.us,3/19/2017,Brien,Patching,Male,TRUE
103117,rdyzartht@earthlink.net,8/12/2018,Omero,Olyonov,Male,TRUE
103118,reayrsda@pcworld.com,9/17/2017,Sarine,Hardy-Piggin,Female,FALSE
103119,remsleylo@mlb.com,5/25/2017,Rowney,Maybery,Male,TRUE
103120,rfinneranlf@businessweek.com,3/31/2017,Beverlie,Jenney,Female,TRUE
103121,rfontanetgu@studiopress.com,11/17/2017,Annmaria,Kerby,Female,FALSE
103122,rgoodshiprh@baidu.com,12/22/2017,Fancy,Cleynman,Female,FALSE
103123,rhaquardm7@soup.io,9/19/2018,Conni,Dobbings,Female,FALSE
103124,rheathwood7g@un.org,2/9/2017,Fidela,Le Surf,Female,FALSE
103125,rheatlyka@bandcamp.com,4/2/2018,Mia,Gelling,Female,TRUE
103126,rloddenmu@com.com,4/13/2017,Ranee,Allsebrook,Female,FALSE
103127,rlouwjl@wikispaces.com,9/1/2018,Marve,Sturdgess,Male,TRUE
103128,rlovekinh3@blogspot.com,10/20/2018,Petra,Cornils,Female,TRUE
103129,rmaster6x@about.me,10/25/2018,Malvin,Cheson,Male,FALSE
103130,rmawbyn3@mediafire.com,2/24/2017,Derwin,Minnock,Male,TRUE
103131,rorr6p@ted.com,7/14/2018,Timmy,Billows,Male,FALSE
103132,rpavekh5@dell.com,11/28/2018,Fidelity,Lunt,Female,TRUE
103133,rpelfernp@admin.ch,8/26/2017,Doe,Allerton,Female,TRUE
103134,rpidwellkr@statcounter.com,2/14/2017,Ertha,Henbury,Female,FALSE
103135,rpinwello0@mapquest.com,9/17/2018,Hakim,Shakespeare,Male,FALSE
103136,rscimoni8u@cafepress.com,3/22/2017,Bartel,McNutt,Male,FALSE
103137,rselbornecq@rambler.ru,7/28/2018,Rosmunda,Brattell,Female,FALSE
103138,rsenecauxe3@spiegel.de,12/12/2018,Petra,Malmar,Female,FALSE
103139,rspongqu@bandcamp.com,7/17/2018,Kathy,Gipp,Female,FALSE
103140,rstroobantkn@umn.edu,1/1/2018,Bel,Arstingall,Female,FALSE
103141,rtammadge58@com.com,9/2/2018,Korry,Emmett,Female,FALSE
103142,rthomassenlw@goodreads.com,8/27/2018,Gris,Camili,Male,TRUE
103143,rtoal5@nymag.com,3/30/2018,Libbey,Liddard,Female,TRUE
103144,rviveash69@buzzfeed.com,9/7/2018,Vyky,Blankenship,Female,TRUE
103145,rwardley6t@github.io,2/17/2018,Glenda,Blatchford,Female,FALSE
103146,rwarrenderoe@wufoo.com,10/18/2018,Penelope,Love,Female,TRUE
103147,rwolpert2u@wikispaces.com,11/27/2018,Pamella,Stille,Female,FALSE
103148,salimandx@etsy.com,1/6/2017,Christa,Greyes,Female,FALSE
103149,sarnisonfh@umich.edu,1/11/2018,Carlen,Pietrasik,Female,TRUE
103150,sbartul66@tuttocitta.it,6/13/2018,Wilburt,Conkie,Male,TRUE
103151,sbecconsallg4@ning.com,4/2/2018,Pippa,Prahm,Female,FALSE
103152,sberger2r@free.fr,5/7/2017,Lorine,Acosta,Female,TRUE
103153,sbergin5x@deliciousdays.com,2/20/2018,Tod,Comelini,Male,FALSE
103154,sberndtssenna@seesaa.net,6/17/2017,Isa,Humbert,Male,FALSE
103155,sbottoms2v@ca.gov,12/9/2018,Helen-elizabeth,Sebrens,Female,TRUE
103156,sbraisherh0@tmall.com,1/31/2017,Mariette,Spencook,Female,FALSE
103157,sbreslanee5@vinaora.com,10/4/2018,Perren,Lamprey,Male,TRUE
103158,sbridieaj@nature.com,10/24/2018,Evvy,Von Gladbach,Female,FALSE
103159,sbullier4j@addthis.com,9/30/2017,Amberly,McKinnell,Female,FALSE
103160,sclarae5q@mit.edu,3/26/2017,Karlan,Merriment,Male,TRUE
103161,sclarkewilliams2h@dell.com,7/7/2017,Jilli,Goare,Female,TRUE
103162,scuvleyq8@ask.com,10/11/2018,Keir,Blasgen,Male,FALSE
103163,scyplesg1@hostgator.com,5/12/2018,Feliks,Aberkirder,Male,FALSE
103164,sdanshinoh@tiny.cc,2/19/2017,Edouard,Rowston,Male,TRUE
103165,sdenisevichou@msn.com,10/15/2018,Lianna,Blenkin,Female,FALSE
103166,sdenypf@oakley.com,5/4/2017,Timmi,Swift,Female,TRUE
103167,sderuggero3w@people.com.cn,2/20/2018,Sim,Bubear,Male,FALSE
103168,sdeverellj8@telegraph.co.uk,1/19/2017,Benita,Meaney,Female,FALSE
103169,sdictyoq@tinyurl.com,4/11/2017,Abram,Hanlin,Male,FALSE
103170,sdominique1x@oaic.gov.au,6/1/2017,Kendricks,Dreng,Male,FALSE
103171,sdoriebv@yale.edu,11/30/2018,Taffy,Harrisson,Female,TRUE
103172,sdulynn@reference.com,4/28/2018,Ferguson,Grinvalds,Male,TRUE
103173,segleofgermany3a@dmoz.org,10/31/2018,Perrine,Strathdee,Female,FALSE
103174,setteridgely@wordpress.com,5/4/2018,Del,Moggach,Male,TRUE
103175,sflanigan5e@oaic.gov.au,5/17/2017,Dot,Feaveryear,Female,TRUE
103176,sfleggbi@umich.edu,5/27/2017,Karel,Dzenisenka,Male,FALSE
103177,sfranies3r@devhub.com,4/2/2018,Lewie,Burgott,Male,TRUE
103178,sfyall44@skype.com,9/24/2018,Phillida,Castellucci,Female,TRUE
103179,sgimeno1n@ameblo.jp,9/18/2017,Perry,Cuxon,Male,TRUE
103180,sgouchergx@imdb.com,3/19/2017,Amberly,Truckell,Female,TRUE
103181,sgrindellgj@shutterfly.com,11/9/2018,Sheryl,Hotton,Female,FALSE
103182,sgronou9t@ebay.co.uk,3/3/2018,Jayme,Bayford,Male,FALSE
103183,shanwella6@answers.com,9/16/2017,Edd,Piell,Male,TRUE
103184,sharwood9y@indiegogo.com,9/7/2017,Christabel,Jahn,Female,TRUE
103185,shedde9h@imdb.com,5/14/2017,Bord,Rankine,Male,TRUE
103186,showseleehc@sciencedaily.com,3/4/2018,Georgie,Gervaise,Female,TRUE
103187,shunnisettip@exblog.jp,2/20/2018,Goddard,Conneau,Male,FALSE
103188,sjanceyrc@nytimes.com,9/18/2017,Sheffield,McMearty,Male,TRUE
103189,sjewettii@mit.edu,7/25/2017,Darleen,Eathorne,Female,TRUE
103190,slaughtonch@slashdot.org,1/8/2018,Olympe,Hayball,Female,TRUE
103191,slemary5z@ihg.com,12/22/2017,Darcie,Bontoft,Female,TRUE
103192,slinfoot8k@people.com.cn,2/19/2017,Margi,Prozescky,Female,FALSE
103193,slohden4@studiopress.com,4/24/2017,Gayel,Seymark,Female,FALSE
103194,slutheroj@yelp.com,7/23/2017,Conrado,Oxlee,Male,TRUE
103195,smaccolmr9@cbc.ca,5/29/2017,Vincenty,Conaghan,Male,FALSE
103196,smanicomlk@photobucket.com,9/6/2018,Jolyn,Woodruffe,Female,TRUE
103197,smutimerm1@moonfruit.com,7/1/2017,Melisse,Hancock,Female,FALSE
103198,snovellig8@businessinsider.com,8/17/2017,Wilden,Hamshaw,Male,FALSE
103199,sobroganld@cocolog-nifty.com,2/13/2017,Adolphe,Paget,Male,TRUE
103200,sparkins1w@ocn.ne.jp,5/23/2018,Allistir,Carek,Male,TRUE
103201,spigney2b@cbsnews.com,4/5/2017,Anne-corinne,Gell,Female,FALSE
103202,sripleyf9@prnewswire.com,2/24/2018,Donetta,Verduin,Female,FALSE
103203,sripleym8@samsung.com,6/29/2018,Gerard,Hatliffe,Male,FALSE
103204,srosenvasseriw@spotify.com,5/30/2018,Arlina,Guinn,Female,FALSE
103205,sseedullhv@hubpages.com,8/10/2017,Dillie,Nudd,Male,FALSE
103206,sseth6l@soundcloud.com,2/24/2018,Nate,O' Lone,Male,FALSE
103207,sshailer7n@webeden.co.uk,4/4/2018,Calvin,Stearndale,Male,TRUE
103208,sshallcrossge@va.gov,7/25/2017,Richardo,Bruni,Male,TRUE
103209,sshilito73@bloglines.com,3/30/2018,Helaina,O'Dogherty,Female,FALSE
103210,ssnasel4t@lycos.com,9/12/2018,Annice,Tigner,Female,FALSE
103211,ssorbieoz@dion.ne.jp,1/23/2017,Charlie,Drakes,Male,TRUE
103212,sstrotonem0@meetup.com,9/12/2017,Cheston,Giovannacc@i,Male,TRUE
103213,stearl3@google.es,3/3/2018,Ailina,Hegg,Female,TRUE
103214,steffreydz@theglobeandmail.com,3/21/2017,Francisco,Elsmere,Male,FALSE
103215,stesseymaneg@imgur.com,9/14/2017,Humbert,Cazereau,Male,FALSE
103216,stwinameog@example.com,5/24/2018,Iver,Fenning,Male,TRUE
103217,svanyushkinfc@gravatar.com,2/26/2018,Irena,Leyman,Female,TRUE
103218,swolfarthlz@dropbox.com,3/5/2017,Heath,Jindra,Female,FALSE
103219,szecchigk@cocolog-nifty.com,11/3/2017,Ana,Lodford,Female,FALSE
103220,tbillyealdb0@usnews.com,2/25/2017,Mord,Openshaw,Male,FALSE
103221,tbockinjt@ihg.com,1/17/2018,Adaline,Huntall,Female,FALSE
103222,tbowditchfi@oakley.com,8/4/2017,Archy,Arderne,Male,TRUE
103223,tbradnockg7@blog.com,6/6/2018,Dulcea,Gartland,Female,TRUE
103224,tbuie7y@gravatar.com,8/17/2017,Levin,Devon,Male,FALSE
103225,tcorner46@cyberchimps.com,11/1/2017,Joela,Sterte,Female,TRUE
103226,tcreany6j@barnesandnoble.com,8/12/2017,Demetria,Beagen,Female,TRUE
103227,tcrone6w@woothemes.com,7/19/2017,Shelby,Carleton,Female,FALSE
103228,tcurreylx@yellowpages.com,6/12/2018,Cchaddie,Sellek,Male,TRUE
103229,tdanit9o@youku.com,9/11/2018,Lion,Rikard,Male,TRUE
103230,tdegowecj@pinterest.com,11/2/2017,Gail,Snoxell,Male,TRUE
103231,tferryndo@apple.com,5/24/2017,Nikkie,Empson,Female,FALSE
103232,tforsytheq6@goo.gl,1/4/2018,Laney,Jahnke,Female,TRUE
103233,tgammack29@nsw.gov.au,9/8/2017,Manuel,Mulgrew,Male,FALSE
103234,tglandonob@google.co.jp,8/30/2017,Reuven,Waddilow,Male,TRUE
103235,tgummary8s@homestead.com,8/10/2017,Reinaldo,de Keyser,Male,TRUE
103236,thamnetgm@harvard.edu,10/14/2018,Don,Aitkin,Male,TRUE
103237,thawneyey@msn.com,4/18/2018,Kessiah,Sollett,Female,TRUE
103238,tiacopettigl@microsoft.com,7/13/2017,Donall,Chatterton,Male,FALSE
103239,tjeyesqt@naver.com,10/14/2017,Retha,Tiffany,Female,TRUE
103240,tjillinsfv@reuters.com,2/3/2017,Brannon,Baccup,Male,TRUE
103241,tkaygilljc@free.fr,3/10/2018,Claudianus,Pellitt,Male,FALSE
103242,tmalec5h@hibu.com,3/29/2018,Tressa,Rodenburgh,Female,TRUE
103243,tmcewanar@goo.ne.jp,1/17/2018,Coral,Meese,Female,TRUE
103244,tmckeney7j@theatlantic.com,5/19/2017,Flory,Arlott,Female,FALSE
103245,tmonketon2f@friendfeed.com,4/5/2017,Ilene,Gillitt,Female,FALSE
103246,tparadesdt@amazon.de,12/12/2017,Callie,Lobe,Female,FALSE
103247,tpeet2l@patch.com,11/3/2018,Katusha,Jenno,Female,FALSE
103248,tpengelleygb@studiopress.com,4/14/2017,Mildrid,Blue,Female,FALSE
103249,tpenzerjm@nps.gov,4/3/2018,Rubina,Cullington,Female,TRUE
103250,tpetettm4@barnesandnoble.com,6/5/2018,Melamie,Arbuckle,Female,FALSE
103251,trawlecd@studiopress.com,4/22/2017,Gustie,Cahn,Female,FALSE
103252,trichardotnq@jalbum.net,3/31/2017,Lou,Ashpital,Male,TRUE
103253,tshinner2o@cnn.com,3/5/2018,Itch,Patullo,Male,FALSE
103254,tshowalter2y@gravatar.com,7/10/2017,Ethelbert,Blacklock,Male,FALSE
103255,tsidwickff@issuu.com,1/24/2017,Oralia,Emett,Female,TRUE
103256,tstonhard3c@google.fr,4/14/2018,Beale,Welsby,Male,TRUE
103257,tthomannot@google.ca,6/5/2017,Berton,Rowles,Male,FALSE
103258,ttinkkq@wikipedia.org,9/12/2017,Kent,Wathey,Male,FALSE
103259,twix9u@fotki.com,3/30/2017,Andrus,Faraker,Male,TRUE
103260,tyterpt@ning.com,10/2/2018,Sigismondo,Weddell,Male,FALSE
103261,umcgillecolep5@yelp.com,4/11/2018,Flory,Semonin,Male,FALSE
103262,upeffer51@e-recht24.de,4/2/2018,Heddi,Kynston,Female,TRUE
103263,upleasaunce8r@irs.gov,2/6/2018,Fabian,Widdecombe,Male,FALSE
103264,ustook26@smugmug.com,11/12/2018,Catherine,Courvert,Female,TRUE
103265,vbiaggelliix@mediafire.com,3/16/2017,Jackquelin,Geldard,Female,FALSE
103266,vbrockbank81@wufoo.com,3/2/2018,Kelby,Lippett,Male,FALSE
103267,vburbage6@tinypic.com,12/16/2017,Brok,Strahan,Male,TRUE
103268,vdebanke8c@booking.com,9/16/2017,Derek,Skudder,Male,TRUE
103269,vfarrear2e@usa.gov,9/6/2018,Germaine,Wheeliker,Male,FALSE
103270,vfritcheq0@people.com.cn,6/26/2018,Nadia,Leaney,Female,TRUE
103271,vguittea9@jiathis.com,11/12/2017,Torrence,Hosby,Male,TRUE
103272,vhagyardes@naver.com,6/8/2018,Perle,Raiston,Female,TRUE
103273,vjosifovicbs@samsung.com,8/4/2017,Nanete,Vaud,Female,TRUE
103274,vkunathjd@ucoz.com,8/23/2017,Rori,Jowsey,Female,TRUE
103275,vmacaskieq3@freewebs.com,5/4/2017,Godart,Tann,Male,FALSE
103276,vnoelln2@uiuc.edu,4/26/2018,Tilda,Penhalurick,Female,TRUE
103277,vpavlovicrj@tiny.cc,2/14/2018,Silvana,Keatch,Female,TRUE
103278,vpeacepm@admin.ch,3/5/2017,Erasmus,Rathke,Male,FALSE
103279,vprevettbb@indiegogo.com,4/11/2017,Hazel,Lawey,Female,TRUE
103280,vrogansn9@washington.edu,1/13/2017,Cassondra,Dunlap,Female,TRUE
103281,vsalergej@hexun.com,12/25/2017,Boot,Legat,Male,TRUE
103282,vswinburnem9@taobao.com,11/16/2018,Josi,Tumber,Female,TRUE
103283,vzutepe@stanford.edu,12/3/2017,Lane,Brawn,Female,FALSE
103284,wclayalmn@blog.com,7/1/2018,Meggie,Ralfe,Female,TRUE
103285,wconewbl@tripod.com,2/3/2017,Jeno,Hollington,Male,TRUE
103286,wjillins6e@merriam-webster.com,11/6/2017,Josephina,Colquite,Female,FALSE
103287,wkemittea@zimbio.com,6/23/2018,Malcolm,Sleicht,Male,FALSE
103288,wmaase6r@harvard.edu,5/16/2018,Trumaine,Barkes,Male,FALSE
103289,wmatkinrq@netscape.com,6/7/2017,Geoffrey,Judgkins,Male,FALSE
103290,wmorrattpl@wikia.com,11/26/2017,Jordan,Costin,Male,FALSE
103291,wneathwayne@google.it,4/12/2018,Donovan,Postance,Male,TRUE
103292,wnovellomw@oracle.com,5/30/2017,Kareem,Spargo,Male,FALSE
103293,wpillifanto5@a8.net,4/9/2017,Frannie,Bracci,Male,FALSE
103294,wprall5t@360.cn,8/30/2017,Denny,Sappy,Female,TRUE
103295,wrapport54@redcross.org,2/19/2017,Teddie,Fawdry,Male,FALSE
103296,wrikkardre@dion.ne.jp,8/10/2017,Cordell,Mallebone,Male,FALSE
103297,wwiganas@discovery.com,10/29/2018,Ardenia,Rathmell,Female,FALSE
103298,xdenisyevcm@prlog.org,8/30/2018,Gabie,Letson,Female,FALSE
103299,ybranthwaitez@wiley.com,6/12/2017,Beverlie,Petheridge,Female,FALSE
103300,ydelasalle48@moonfruit.com,4/27/2017,Oliver,Doget,Male,TRUE
103301,yglazeri@huffingtonpost.com,7/17/2017,Pattin,Eschalotte,Male,FALSE
103302,zarent7o@upenn.edu,9/9/2018,Selma,Ramet,Female,FALSE
103303,zbreesei9@sciencedirect.com,3/29/2017,Bertrando,O'Roan,Male,FALSE
103304,zcastrogn@msn.com,4/5/2017,Wallis,Scollard,Female,FALSE
103305,zczajkowskio6@java.com,7/17/2017,Simeon,Halsworth,Male,FALSE
103306,zfanshawe9n@stumbleupon.com,2/9/2018,Pam,Matic,Female,TRUE
103307,zjerransnr@fotki.com,7/17/2018,Haywood,Mugg,Male,TRUE
103308,zschellelj@wunderground.com,3/5/2017,Charisse,Patry,Female,FALSE