id,order_id,price,quantity,size,color,product_id
1,1,$94.46,2,XS,Fuscia,#a89
2,1,$56.90,11,2XL,Purple,#242
3,1,$15.38,3,M,Goldenrod,#4c4
4,2,$93.69,12,XS,Aquamarine,#e0e
5,3,$76.55,5,XL,Blue,#a19
6,4,$84.63,11,3XL,Maroon,#b5c
7,5,$61.04,11,XL,Teal,#b57
8,6,$93.71,6,XS,Turquoise,#9b1
9,7,$119.29,7,XS,Aquamarine,#b4c
10,7,$89.78,1,XL,Violet,#7ca
11,7,$54.52,8,XS,Red,#9f4
12,8,$118.48,11,L,Maroon,#20b
13,8,$112.55,3,XS,Pink,#c09
14,9,$16.18,8,2XL,Violet,#3c5
15,9,$45.63,12,3XL,Purple,#3fe
16,10,$74.04,7,XL,Crimson,#abd
17,11,$25.50,10,3XL,Aquamarine,#1fe
18,12,$35.98,11,S,Blue,#421
19,12,$107.21,2,XL,Orange,#912
20,13,$27.43,3,2XL,Turquoise,#fd1
21,14,$23.97,1,3XL,Orange,#c73
22,14,$47.99,5,2XL,Fuscia,#14c
23,15,$59.42,12,XS,Purple,#43f
24,15,$80.54,4,XS,Goldenrod,#c45
25,16,$103.58,11,M,Mauv,#b82
26,17,$49.46,8,XS,Green,#297
27,17,$55.43,9,M,Crimson,#dc9
28,18,$91.93,10,S,Puce,#05f
29,19,$11.69,5,M,Pink,#49e
30,19,$84.76,12,S,Blue,#fc2
31,20,$23.71,6,3XL,Green,#d94
32,21,$14.38,12,L,Puce,#341
33,21,$38.32,1,XL,Indigo,#aa7
34,22,$102.88,11,3XL,Indigo,#8a6
35,23,$12.62,4,M,Blue,#50f
36,23,$59.37,7,XS,Purple,#769
37,24,$68.05,2,2XL,Goldenrod,#333
38,25,$15.10,11,S,Khaki,#4fd
39,25,$77.47,5,XS,Mauv,#b14
40,26,$14.76,4,3XL,Goldenrod,#a0d
41,26,$118.29,3,XS,Indigo,#5ba
42,27,$44.82,2,2XL,Turquoise,#a36
43,28,$92.03,6,3XL,Pink,#979
44,28,$90.43,8,L,Orange,#e76
45,29,$1.54,11,XL,Purple,#63d
46,30,$66.23,2,XS,Crimson,#0d0
47,30,$108.79,11,XS,Crimson,#837
48,31,$63.81,2,XS,Turquoise,#40b
49,32,$69.40,9,2XL,Goldenrod,#3d8
50,32,$39.56,2,L,Aquamarine,#5a5
51,33,$8.15,4,XS,Crimson,#1a3
52,34,$102.44,7,3XL,Aquamarine,#2ee
53,34,$19.10,1,XL,Mauv,#44f
54,35,$30.86,12,L,Mauv,#353
55,35,$20.35,5,3XL,Turquoise,#45a
56,36,$42.43,7,3XL,Maroon,#cd0
57,37,$97.76,6,S,Fuscia,#dd9
58,37,$88.84,1,M,Teal,#e7a
59,38,$71.46,4,S,Puce,#3f6
60,39,$109.65,10,3XL,Mauv,#598
61,39,$63.03,7,3XL,Orange,#3fe
62,40,$70.58,2,2XL,Indigo,#b86
63,41,$5.00,3,XS,Pink,#c80
64,41,$100.75,11,L,Indigo,#7f6
65,42,$94.69,8,M,Yellow,#af0
66,43,$41.58,6,XL,Teal,#945
67,43,$34.74,4,XS,Aquamarine,#06c
68,44,$46.55,2,L,Mauv,#b4f
69,45,$72.20,11,M,Mauv,#a4a
70,45,$40.46,9,2XL,Teal,#db0
71,46,$49.63,11,S,Fuscia,#ce0
72,46,$72.48,12,2XL,Pink,#890
73,47,$14.35,11,XL,Maroon,#aed
74,48,$8.84,4,2XL,Violet,#940
75,48,$51.35,8,S,Mauv,#455
76,49,$46.53,1,M,Maroon,#7c9
77,50,$97.87,2,2XL,Goldenrod,#276
78,50,$75.49,6,3XL,Mauv,#016
79,51,$76.32,1,M,Green,#bf9
80,52,$97.60,2,M,Yellow,#d72
81,52,$21.97,4,M,Khaki,#b0c
82,53,$59.02,8,2XL,Turquoise,#b38
83,54,$63.80,9,L,Orange,#4bc
84,54,$74.06,12,2XL,Indigo,#69d
85,55,$35.29,6,S,Purple,#96f
86,55,$34.88,3,3XL,Crimson,#005
87,56,$87.71,11,XL,Puce,#5fa
88,57,$7.46,11,2XL,Red,#6b5
89,57,$63.86,6,L,Pink,#ce5
90,58,$36.50,10,S,Orange,#69a
91,59,$81.64,4,2XL,Turquoise,#00d
92,59,$98.00,10,L,Goldenrod,#219
93,60,$102.53,7,XL,Green,#5c3
94,61,$51.24,6,3XL,Violet,#f81
95,61,$30.35,2,L,Indigo,#78a
96,62,$31.65,2,XL,Orange,#111
97,63,$60.37,5,L,Teal,#0e6
98,63,$31.80,11,XS,Puce,#505
99,64,$112.25,8,2XL,Yellow,#ef8
100,64,$15.53,8,XL,Orange,#889
101,65,$84.28,1,S,Violet,#2b9
102,66,$54.98,4,S,Purple,#af7
103,66,$118.97,9,2XL,Turquoise,#4ae
104,67,$112.92,8,M,Goldenrod,#22b
105,68,$63.98,6,3XL,Mauv,#76d
106,68,$112.23,3,XL,Puce,#a1c
107,69,$49.97,11,M,Green,#067
108,70,$8.75,10,XS,Indigo,#cc2
109,70,$91.21,9,XS,Green,#84e
110,71,$101.46,3,3XL,Aquamarine,#a60
111,72,$68.86,6,L,Blue,#175
112,72,$1.88,5,XL,Turquoise,#739
113,73,$4.01,8,XS,Goldenrod,#1c6
114,74,$101.63,12,L,Goldenrod,#a0b
115,74,$97.60,10,M,Blue,#0c5
116,75,$80.34,3,L,Blue,#6bd
117,75,$68.04,11,XL,Maroon,#c6c
118,76,$30.98,10,L,Orange,#360
119,77,$70.73,6,XL,Mauv,#cd0
120,77,$47.14,6,XS,Red,#152
121,78,$9.59,2,3XL,Fuscia,#a21
122,79,$55.31,1,XL,Pink,#e93
123,79,$33.92,3,2XL,Turquoise,#ed4
124,80,$106.94,9,S,Pink,#856
125,81,$43.00,1,L,Violet,#1ce
126,81,$107.83,5,L,Fuscia,#631
127,82,$75.87,10,S,Teal,#d13
128,83,$11.73,9,M,Violet,#d73
129,83,$98.32,3,S,Teal,#f59
130,84,$106.51,3,XL,Yellow,#df9
131,84,$95.57,3,XL,Aquamarine,#1f4
132,85,$10.12,8,M,Violet,#77b
133,86,$5.69,9,XS,Khaki,#e71
134,86,$101.61,10,2XL,Puce,#cbf
135,87,$8.42,10,2XL,Fuscia,#fe6
136,88,$90.89,4,XL,Aquamarine,#75c
137,88,$66.19,7,S,Blue,#338
138,89,$52.20,1,XL,Aquamarine,#a0c
139,90,$100.89,8,M,Red,#5e4
140,90,$30.24,8,3XL,Teal,#66d
141,91,$52.07,9,M,Aquamarine,#269
142,92,$17.71,11,XL,Teal,#76d
143,92,$92.46,12,L,Mauv,#6ca
144,93,$69.29,8,L,Turquoise,#e1e
145,93,$13.62,12,M,Violet,#24f
146,94,$117.63,7,XS,Turquoise,#c88
147,95,$52.75,9,L,Orange,#842
148,95,$66.68,9,2XL,Violet,#950
149,96,$42.54,10,M,Yellow,#198
150,97,$88.31,9,2XL,Red,#861
151,97,$115.37,4,S,Pink,#2f7
152,98,$4.25,12,L,Yellow,#23b
153,99,$48.72,6,3XL,Puce,#bb4
154,99,$4.71,8,XS,Khaki,#739
155,100,$107.71,10,3XL,Turquoise,#0a9
156,101,$44.49,2,S,Yellow,#ab2
157,101,$3.73,1,XS,Crimson,#cc1
158,102,$111.78,12,L,Khaki,#977
159,103,$79.74,9,3XL,Violet,#645
160,103,$29.76,10,3XL,Turquoise,#879
161,104,$110.34,12,3XL,Aquamarine,#c2a
162,104,$50.87,5,XL,Maroon,#ba1
163,105,$11.25,5,3XL,Orange,#c02
164,106,$62.94,3,XL,Purple,#ae8
165,106,$84.45,1,S,Orange,#1f9
166,107,$22.38,3,M,Pink,#478
167,108,$24.10,2,L,Khaki,#271
168,108,$12.61,4,XL,Goldenrod,#d12
169,109,$62.76,7,3XL,Crimson,#60f
170,110,$49.22,7,2XL,Aquamarine,#df4
171,110,$45.48,8,2XL,Fuscia,#e44
172,111,$26.45,9,3XL,Red,#cf4
173,112,$71.88,3,S,Green,#6f7
174,112,$8.84,11,XS,Pink,#24d
175,113,$96.02,7,XL,Violet,#61f
176,113,$97.58,3,S,Goldenrod,#2fc
177,114,$30.67,10,L,Crimson,#4dd
178,115,$36.62,2,XS,Maroon,#3b7
179,115,$81.77,3,XS,Maroon,#cef
180,116,$38.65,10,M,Fuscia,#36c
181,117,$40.83,9,L,Aquamarine,#560
182,117,$47.91,6,XS,Orange,#abd
183,118,$94.30,9,M,Violet,#12d
184,119,$84.17,2,XL,Aquamarine,#e1b
185,119,$11.21,10,2XL,Orange,#475
186,120,$101.67,12,XL,Orange,#158
187,121,$73.41,3,L,Green,#dc3
188,121,$103.95,8,XS,Purple,#531
189,122,$117.38,10,2XL,Maroon,#7b4
190,122,$32.57,6,XS,Crimson,#4cf
191,123,$2.10,10,2XL,Purple,#2f9
192,124,$53.23,6,3XL,Teal,#307
193,124,$58.26,9,S,Aquamarine,#237
194,125,$23.97,11,XS,Pink,#0b9
195,126,$107.23,9,L,Orange,#031
196,126,$30.20,3,S,Goldenrod,#250
197,127,$59.86,3,XL,Mauv,#aa6
198,128,$115.38,2,XL,Orange,#755
199,128,$2.00,8,L,Yellow,#fe3
200,129,$24.43,8,2XL,Blue,#e2f
201,130,$34.20,1,3XL,Orange,#f7b
202,130,$91.02,2,S,Khaki,#5b7
203,131,$66.65,3,S,Indigo,#108
204,132,$66.95,12,S,Green,#6e6
205,132,$29.93,5,3XL,Aquamarine,#f76
206,133,$55.06,7,L,Yellow,#83d
207,133,$84.55,2,XS,Maroon,#4b6
208,134,$104.56,4,S,Fuscia,#ee1
209,135,$63.32,8,XS,Yellow,#129
210,135,$116.16,3,2XL,Aquamarine,#cda
211,136,$114.79,2,2XL,Khaki,#0c2
212,137,$101.43,5,XL,Goldenrod,#5e1
213,137,$94.00,7,XS,Indigo,#3c9
214,138,$101.20,6,3XL,Violet,#ca1
215,139,$9.72,9,M,Mauv,#b7e
216,139,$3.50,9,XL,Green,#a9a
217,140,$119.95,4,XS,Purple,#365
218,141,$58.75,6,2XL,Fuscia,#317
219,141,$59.31,10,S,Yellow,#705
220,142,$90.00,3,3XL,Green,#b33
221,142,$62.04,12,M,Red,#725
222,143,$24.95,4,M,Fuscia,#5e0
223,144,$42.67,7,3XL,Khaki,#d25
224,144,$51.41,9,XL,Puce,#079
225,145,$82.94,2,XS,Blue,#787
226,146,$43.70,6,XS,Teal,#a13
227,146,$93.76,9,M,Purple,#458
228,147,$85.57,7,XL,Maroon,#15f
229,148,$4.90,9,XL,Violet,#f85
230,148,$34.71,8,L,Teal,#3b7
231,149,$16.12,7,S,Indigo,#ab4
232,150,$62.02,8,L,Purple,#778
233,150,$108.48,10,3XL,Maroon,#249
234,151,$84.92,1,XL,Puce,#a0e
235,152,$19.18,3,XS,Goldenrod,#047
236,152,$80.13,5,XL,Turquoise,#514
237,153,$3.97,8,3XL,Orange,#8ce
238,153,$74.83,6,3XL,Mauv,#829
239,154,$80.57,5,XS,Pink,#b7a
240,155,$53.69,1,L,Pink,#c08
241,155,$99.78,12,XS,Crimson,#aa2
242,156,$96.94,7,XS,Crimson,#f77
243,157,$8.62,1,2XL,Pink,#804
244,157,$43.91,1,M,Turquoise,#190
245,158,$0.75,12,S,Maroon,#649
246,159,$75.53,4,2XL,Fuscia,#64d
247,159,$93.34,6,XS,Green,#424
248,160,$44.17,3,M,Khaki,#dc0
249,161,$64.56,10,L,Yellow,#52a
250,161,$107.13,8,XL,Blue,#762
251,162,$55.28,9,3XL,Turquoise,#796
252,162,$78.79,4,L,Red,#26a
253,163,$0.87,7,S,Khaki,#b33
254,164,$96.99,5,M,Crimson,#573
255,164,$72.92,1,L,Goldenrod,#192
256,165,$50.55,9,M,Green,#74a
257,166,$55.72,12,3XL,Indigo,#032
258,166,$37.90,5,3XL,Green,#17b
259,167,$53.12,3,L,Mauv,#f8d
260,168,$60.05,11,XL,Violet,#908
261,168,$35.16,10,2XL,Orange,#e81
262,169,$77.02,9,2XL,Blue,#d6c
263,170,$83.19,12,L,Puce,#93f
264,170,$12.41,10,3XL,Turquoise,#277
265,171,$69.00,1,S,Aquamarine,#d20
266,171,$44.75,10,XS,Purple,#3b7
267,172,$5.19,5,M,Blue,#ece
268,173,$36.18,1,M,Maroon,#3d4
269,173,$13.76,6,2XL,Green,#1dc
270,174,$88.80,2,M,Indigo,#c12
271,175,$20.98,6,XS,Khaki,#753
272,175,$96.35,1,L,Indigo,#fe6
273,176,$92.52,9,M,Fuscia,#078
274,177,$10.80,8,2XL,Violet,#2a8
275,177,$107.45,12,3XL,Mauv,#1e0
276,178,$54.39,7,S,Orange,#a88
277,179,$45.62,6,L,Teal,#6c7
278,179,$39.06,4,XL,Pink,#a0b
279,180,$115.34,7,M,Orange,#3a5
280,181,$79.59,5,M,Yellow,#1d1
281,181,$42.15,12,M,Crimson,#3fa
282,182,$67.60,5,3XL,Purple,#e85
283,182,$14.00,5,M,Turquoise,#13f
284,183,$74.91,11,3XL,Pink,#df1
285,184,$56.29,3,3XL,Puce,#401
286,184,$34.02,1,3XL,Yellow,#b30
287,185,$28.75,3,XL,Aquamarine,#9c6
288,186,$41.49,11,XL,Teal,#9db
289,186,$30.58,12,XL,Orange,#90b
290,187,$32.10,10,S,Goldenrod,#832
291,188,$104.57,8,S,Goldenrod,#5bb
292,188,$8.55,1,M,Pink,#c19
293,189,$68.64,9,S,Fuscia,#73a
294,190,$23.46,6,M,Indigo,#fa3
295,190,$88.22,7,L,Indigo,#8c3
296,191,$37.33,10,3XL,Orange,#f38
297,191,$69.75,10,L,Turquoise,#9aa
298,192,$111.42,10,S,Teal,#419
299,193,$97.71,4,XS,Red,#ab8
300,193,$81.71,12,XL,Yellow,#9db
301,194,$42.35,6,XS,Yellow,#5b6
302,195,$49.14,5,M,Maroon,#fed
303,195,$13.92,1,M,Turquoise,#7ca
304,196,$42.77,1,XL,Teal,#e40
305,197,$71.64,3,XS,Goldenrod,#eec
306,197,$29.41,12,XL,Maroon,#98f
307,198,$21.89,3,XL,Red,#29f
308,199,$5.20,7,XS,Green,#688
309,199,$61.85,7,2XL,Khaki,#763
310,200,$51.83,5,S,Orange,#f8f
311,200,$21.41,12,M,Purple,#1b8
312,201,$52.70,5,L,Turquoise,#9df
313,202,$34.51,4,3XL,Indigo,#2bc
314,202,$32.19,11,XS,Pink,#8d1
315,203,$111.99,11,3XL,Goldenrod,#f6d
316,204,$82.80,2,S,Red,#65c
317,204,$10.40,8,2XL,Goldenrod,#e7d
318,205,$10.10,9,L,Violet,#b55
319,206,$2.98,3,2XL,Fuscia,#a04
320,206,$22.19,4,L,Violet,#daa
321,207,$41.93,11,XS,Mauv,#9f3
322,208,$8.29,5,XL,Green,#f61
323,208,$8.29,9,2XL,Green,#e8f
324,209,$7.92,6,L,Yellow,#fc0
325,210,$36.72,6,2XL,Blue,#183
326,210,$30.91,1,XS,Pink,#c81
327,211,$93.97,3,L,Violet,#342
328,211,$22.29,8,S,Khaki,#d58
329,212,$79.30,8,S,Khaki,#550
330,213,$46.51,10,2XL,Mauv,#fc3
331,213,$41.04,6,L,Puce,#d0c
332,214,$38.34,9,XS,Indigo,#1a7
333,215,$74.97,1,XS,Red,#832
334,215,$84.73,10,M,Turquoise,#3ad
335,216,$77.61,5,S,Puce,#1b2
336,217,$72.80,9,XL,Mauv,#725
337,217,$40.68,3,3XL,Indigo,#d66
338,218,$27.64,5,M,Aquamarine,#b24
339,219,$94.90,5,XL,Aquamarine,#df5
340,219,$80.90,8,3XL,Red,#c0e
341,220,$103.13,10,M,Green,#69b
342,220,$24.37,10,M,Purple,#b63
343,221,$79.77,7,L,Crimson,#7d8
344,222,$48.09,8,2XL,Fuscia,#f5b
345,222,$91.27,4,2XL,Goldenrod,#884
346,223,$37.24,5,M,Green,#300
347,224,$39.29,5,S,Goldenrod,#93d
348,224,$63.68,9,L,Green,#a62
349,225,$86.95,1,XL,Crimson,#4e0
350,226,$85.98,8,XL,Yellow,#272
351,226,$35.92,4,M,Maroon,#6e4
352,227,$8.98,10,3XL,Indigo,#e46
353,228,$88.23,3,XL,Fuscia,#3b9
354,228,$114.34,11,S,Fuscia,#ffa
355,229,$58.39,2,XL,Aquamarine,#155
356,230,$115.91,11,L,Mauv,#fc6
357,230,$19.27,6,XL,Crimson,#3f6
358,231,$116.43,5,XL,Maroon,#7fe
359,231,$49.80,4,XS,Red,#76f
360,232,$28.28,5,XS,Teal,#76a
361,233,$103.63,2,M,Pink,#f13
362,233,$21.09,11,XS,Red,#3f5
363,234,$113.12,4,XL,Violet,#0ed
364,235,$75.80,4,S,Green,#e74
365,235,$84.13,7,S,Red,#08e
366,236,$108.94,1,2XL,Purple,#164
367,237,$40.31,4,2XL,Yellow,#a9c
368,237,$56.52,12,S,Yellow,#2c0
369,238,$81.51,1,3XL,Red,#4ab
370,239,$88.24,6,3XL,Green,#d91
371,239,$85.09,6,L,Mauv,#e7a
372,240,$22.06,4,M,Aquamarine,#d2c
373,240,$97.95,10,S,Pink,#8f1
374,241,$13.56,12,S,Khaki,#e03
375,242,$83.10,8,XS,Blue,#a33
376,242,$58.93,7,3XL,Maroon,#6c0
377,243,$48.80,12,S,Puce,#69c
378,244,$49.95,8,XS,Turquoise,#19d
379,244,$13.74,6,XL,Pink,#f26
380,245,$6.35,6,M,Khaki,#01e
381,246,$4.81,12,XL,Maroon,#3ef
382,246,$61.60,10,L,Violet,#bf1
383,247,$80.94,3,M,Aquamarine,#902
384,248,$15.33,7,M,Mauv,#ece
385,248,$110.00,3,M,Teal,#19a
386,249,$47.05,4,3XL,Crimson,#df4
387,249,$106.95,8,3XL,Teal,#abe
388,250,$51.93,7,M,Indigo,#ac5
389,251,$39.02,3,XL,Yellow,#058
390,251,$105.03,5,3XL,Indigo,#788
391,252,$25.78,12,3XL,Crimson,#0ee
392,253,$69.03,9,2XL,Turquoise,#63d
393,253,$62.74,10,3XL,Goldenrod,#e2e
394,254,$90.81,10,2XL,Fuscia,#349
395,255,$77.00,2,2XL,Indigo,#8e7
396,255,$54.45,3,M,Aquamarine,#5e7
397,256,$65.75,3,2XL,Puce,#ff8
398,257,$88.32,7,XL,Yellow,#95f
399,257,$34.81,6,M,Goldenrod,#7bc
400,258,$49.80,9,3XL,Turquoise,#99f
401,259,$48.39,12,2XL,Blue,#ddf
402,259,$98.82,10,3XL,Mauv,#8b3
403,260,$8.66,11,L,Green,#589
404,260,$74.80,4,XS,Violet,#9c0
405,261,$22.85,10,XS,Purple,#a86
406,262,$112.99,8,XS,Purple,#a83
407,262,$95.99,7,3XL,Purple,#7ff
408,263,$62.87,9,L,Green,#d3c
409,264,$82.19,6,S,Green,#520
410,264,$118.39,5,S,Puce,#f56
411,265,$13.48,10,M,Green,#efe
412,266,$118.62,5,3XL,Orange,#996
413,266,$49.07,3,3XL,Turquoise,#9b4
414,267,$21.99,12,XS,Blue,#ead
415,268,$22.42,10,2XL,Maroon,#38d
416,268,$3.48,11,3XL,Violet,#ebe
417,269,$115.76,9,L,Orange,#874
418,269,$18.28,2,M,Fuscia,#243
419,270,$13.89,8,XL,Pink,#15d
420,271,$59.25,12,2XL,Yellow,#0f2
421,271,$77.99,6,XL,Violet,#252
422,272,$79.45,3,L,Red,#6eb
423,273,$53.68,11,M,Turquoise,#3f7
424,273,$73.16,12,S,Puce,#e2a
425,274,$70.58,6,L,Green,#4a6
426,275,$44.39,7,L,Puce,#e28
427,275,$5.84,5,S,Goldenrod,#ce7
428,276,$19.74,7,S,Orange,#c8c
429,277,$74.06,2,S,Aquamarine,#342
430,277,$3.64,11,XL,Crimson,#70b
431,278,$1.48,10,S,Turquoise,#070
432,278,$30.23,5,M,Turquoise,#219
433,279,$62.44,1,2XL,Pink,#99d
434,280,$6.01,5,2XL,Turquoise,#728
435,280,$53.79,3,2XL,Violet,#1ef
436,281,$62.46,1,S,Yellow,#a89
437,282,$38.68,1,XL,Green,#bf0
438,282,$104.16,2,L,Teal,#c92
439,283,$35.43,6,M,Turquoise,#2e7
440,284,$100.61,11,XS,Indigo,#a46
441,284,$78.41,7,2XL,Mauv,#337
442,285,$80.98,10,XS,Maroon,#051
443,286,$80.27,1,S,Purple,#a0f
444,286,$41.29,1,XS,Teal,#1e2
445,287,$89.31,7,2XL,Turquoise,#7ac
446,288,$14.90,1,XL,Orange,#c5e
447,288,$7.94,12,2XL,Aquamarine,#282
448,289,$47.25,10,2XL,Goldenrod,#11e
449,289,$107.58,11,2XL,Violet,#789
450,290,$25.07,5,XL,Purple,#fd3
451,291,$59.87,9,S,Green,#694
452,291,$109.92,1,3XL,Violet,#c4b
453,292,$87.98,1,XS,Khaki,#a0c
454,293,$18.12,12,3XL,Violet,#31e
455,293,$49.99,6,3XL,Fuscia,#a2d
456,294,$95.94,11,3XL,Pink,#b5c
457,295,$6.00,9,M,Red,#146
458,295,$107.27,3,2XL,Blue,#36b
459,296,$45.79,5,S,Aquamarine,#54b
460,297,$24.81,1,2XL,Purple,#b10
461,297,$109.38,4,L,Orange,#3d6
462,298,$61.65,3,L,Indigo,#339
463,298,$76.67,6,S,Fuscia,#a88
464,299,$0.59,2,XL,Violet,#50a
465,300,$81.02,5,XS,Turquoise,#8c1
466,300,$67.38,12,S,Fuscia,#257
467,301,$32.67,12,XL,Pink,#454
468,302,$91.33,11,XL,Mauv,#629
469,302,$53.98,8,S,Teal,#423
470,303,$65.79,9,2XL,Khaki,#190
471,304,$114.20,5,S,Green,#0dc
472,304,$3.87,2,L,Orange,#ef5
473,305,$25.13,10,M,Fuscia,#2f8
474,306,$53.72,7,M,Yellow,#1d7
475,306,$77.57,6,XS,Indigo,#3c2
476,307,$35.18,3,2XL,Fuscia,#429
477,308,$90.11,9,S,Teal,#55e
478,308,$4.47,5,XS,Purple,#704
479,309,$94.32,9,XS,Maroon,#625
480,309,$7.21,12,S,Yellow,#854
481,310,$2.64,8,M,Turquoise,#91b
482,311,$102.84,12,L,Blue,#fc8
483,311,$28.50,5,XL,Aquamarine,#c4c
484,312,$119.12,3,2XL,Yellow,#d25
485,313,$96.54,2,S,Puce,#c53
486,313,$104.90,7,XL,Orange,#2a6
487,314,$31.16,8,XS,Crimson,#f0e
488,315,$25.05,3,3XL,Purple,#ccd
489,315,$84.73,8,M,Mauv,#52f
490,316,$95.65,4,2XL,Blue,#1ee
491,317,$62.49,8,3XL,Red,#474
492,317,$80.02,9,XL,Fuscia,#b7f
493,318,$74.27,9,XS,Blue,#af3
494,318,$26.76,1,S,Pink,#0c0
495,319,$34.14,11,3XL,Purple,#7d4
496,320,$73.26,10,2XL,Turquoise,#536
497,320,$53.82,3,XS,Fuscia,#c67
498,321,$108.55,8,XL,Orange,#2fd
499,322,$106.90,1,L,Orange,#ab4
500,322,$104.66,7,L,Yellow,#7c1
501,323,$82.41,6,S,Puce,#9f7
502,324,$16.33,2,M,Pink,#8a4
503,324,$20.31,11,2XL,Mauv,#09b
504,325,$8.04,4,S,Aquamarine,#786
505,326,$44.27,9,XL,Fuscia,#8f3
506,326,$25.13,11,XL,Red,#fe7
507,327,$88.85,10,XS,Pink,#bb7
508,327,$43.96,9,XS,Puce,#431
509,328,$58.73,4,XL,Teal,#5ba
510,329,$99.57,1,XS,Maroon,#5c4
511,329,$39.35,4,3XL,Yellow,#51d
512,330,$0.62,2,XL,Indigo,#d13
513,331,$101.24,5,2XL,Green,#10f
514,331,$62.86,4,2XL,Indigo,#af1
515,332,$3.04,7,3XL,Crimson,#6f0
516,333,$65.09,8,M,Puce,#271
517,333,$66.17,7,L,Goldenrod,#20b
518,334,$83.08,1,XL,Blue,#776
519,335,$93.65,1,2XL,Purple,#ade
520,335,$49.01,6,3XL,Fuscia,#510
521,336,$31.65,3,L,Mauv,#a2a
522,337,$72.59,12,2XL,Orange,#4ee
523,337,$9.53,8,XS,Pink,#83f
524,338,$26.70,6,2XL,Purple,#25e
525,338,$82.67,7,XL,Indigo,#306
526,339,$68.02,7,XL,Red,#816
527,340,$82.03,6,3XL,Mauv,#351
528,340,$43.06,2,2XL,Orange,#bf1
529,341,$69.39,5,3XL,Maroon,#38b
530,342,$93.73,12,3XL,Goldenrod,#87a
531,342,$34.02,6,L,Orange,#35f
532,343,$67.60,5,M,Goldenrod,#17e
533,344,$50.12,8,2XL,Teal,#279
534,344,$66.81,5,M,Pink,#8c7
535,345,$70.31,8,M,Mauv,#184
536,346,$29.69,4,XS,Green,#e65
537,346,$65.97,8,3XL,Blue,#b13
538,347,$6.89,8,XS,Crimson,#181
539,347,$77.71,2,XS,Mauv,#bcf
540,348,$112.87,2,XL,Purple,#494
541,349,$115.45,2,2XL,Indigo,#ee0
542,349,$50.09,10,M,Fuscia,#95f
543,350,$70.31,12,L,Yellow,#cf2
544,351,$107.68,12,3XL,Violet,#81e
545,351,$26.28,9,S,Turquoise,#ae0
546,352,$38.09,10,XL,Teal,#dfc
547,353,$118.79,6,S,Purple,#396
548,353,$110.14,8,S,Violet,#14b
549,354,$48.18,6,XL,Purple,#0ef
550,355,$90.35,2,3XL,Blue,#71f
551,355,$33.99,8,M,Maroon,#9b5
552,356,$50.43,5,S,Blue,#a32
553,356,$18.29,4,2XL,Pink,#9a5
554,357,$46.20,2,M,Puce,#292
555,358,$24.42,6,S,Yellow,#f0e
556,358,$41.41,2,XL,Maroon,#7f0
557,359,$43.01,8,M,Mauv,#87d
558,360,$41.09,4,XL,Fuscia,#93d
559,360,$34.03,8,XL,Purple,#602
560,361,$5.93,5,XL,Puce,#931
561,362,$5.08,8,L,Puce,#afd
562,362,$16.51,2,S,Indigo,#44a
563,363,$76.96,3,M,Goldenrod,#972
564,364,$22.68,10,M,Maroon,#358
565,364,$24.31,10,XS,Fuscia,#c5d
566,365,$116.92,9,2XL,Pink,#9b5
567,366,$50.94,9,L,Orange,#161
568,366,$0.43,6,M,Violet,#c06
569,367,$67.07,12,2XL,Crimson,#f0d
570,367,$117.27,4,L,Blue,#3f6
571,368,$113.40,2,XL,Green,#377
572,369,$89.97,5,XS,Mauv,#09b
573,369,$53.80,4,3XL,Aquamarine,#33e
574,370,$116.70,11,XL,Crimson,#aed
575,371,$1.34,9,L,Goldenrod,#2ff
576,371,$23.94,10,2XL,Crimson,#adc
577,372,$17.23,8,L,Pink,#b4f
578,373,$10.20,7,S,Blue,#6cf
579,373,$73.05,11,2XL,Khaki,#5e2
580,374,$114.61,6,M,Pink,#693
581,375,$112.91,4,S,Goldenrod,#689
582,375,$13.09,6,XL,Red,#df6
583,376,$71.55,3,XS,Blue,#fa9
584,376,$92.36,11,M,Orange,#287
585,377,$3.02,10,S,Goldenrod,#cad
586,378,$72.77,2,S,Indigo,#907
587,378,$58.47,11,3XL,Orange,#59b
588,379,$119.41,3,XS,Puce,#2de
589,380,$118.74,6,XL,Aquamarine,#7e4
590,380,$61.09,6,S,Blue,#a7a
591,381,$116.66,4,M,Fuscia,#411
592,382,$35.55,1,3XL,Teal,#2a6
593,382,$84.60,4,XS,Aquamarine,#bf5
594,383,$99.81,4,S,Green,#829
595,384,$105.26,11,M,Crimson,#bc1
596,384,$54.34,3,XS,Goldenrod,#a36
597,385,$81.51,10,3XL,Mauv,#536
598,385,$105.22,12,XS,Crimson,#a72
599,386,$84.53,6,XS,Purple,#d57
600,387,$114.19,3,M,Aquamarine,#dae
601,387,$1.89,6,3XL,Green,#e87
602,388,$27.51,8,3XL,Maroon,#44f
603,389,$19.80,2,XL,Red,#df4
604,389,$29.93,8,L,Turquoise,#8bd
605,390,$85.00,12,M,Khaki,#779
606,391,$46.36,4,XL,Goldenrod,#9b3
607,391,$103.79,1,XL,Blue,#0b2
608,392,$21.30,3,L,Puce,#650
609,393,$60.58,12,L,Indigo,#7b1
610,393,$5.21,7,2XL,Indigo,#5fc
611,394,$28.73,7,2XL,Green,#d4d
612,395,$22.80,3,S,Aquamarine,#f91
613,395,$111.98,5,3XL,Pink,#559
614,396,$66.01,12,2XL,Green,#50d
615,396,$37.28,6,XS,Aquamarine,#00c
616,397,$117.52,10,M,Yellow,#3f1
617,398,$60.98,4,M,Khaki,#135
618,398,$2.99,7,XS,Indigo,#c23
619,399,$117.95,12,3XL,Aquamarine,#c35
620,400,$83.45,4,2XL,Fuscia,#0d3
621,400,$72.03,1,2XL,Fuscia,#a42
622,401,$92.88,1,XS,Orange,#611
623,402,$50.85,12,XL,Teal,#c76
624,402,$11.22,8,2XL,Turquoise,#2c7
625,403,$81.58,3,XS,Orange,#6ab
626,404,$55.30,10,XL,Green,#591
627,404,$85.62,6,XL,Red,#901
628,405,$6.94,10,2XL,Orange,#522
629,405,$88.69,4,2XL,Indigo,#1c1
630,406,$15.13,7,XL,Yellow,#755
631,407,$36.96,9,XS,Khaki,#001
632,407,$29.40,5,XL,Orange,#b26
633,408,$38.33,11,M,Khaki,#017
634,409,$54.04,10,S,Violet,#0c4
635,409,$18.78,9,L,Blue,#55b
636,410,$110.83,1,M,Indigo,#e8d
637,411,$83.93,7,2XL,Red,#893
638,411,$3.49,5,S,Blue,#695
639,412,$70.80,8,3XL,Aquamarine,#d1f
640,413,$97.55,2,XS,Khaki,#491
641,413,$59.93,11,2XL,Orange,#3d2
642,414,$59.50,6,XL,Indigo,#76e
643,415,$38.23,3,S,Violet,#926
644,415,$67.86,8,S,Mauv,#922
645,416,$67.22,7,XS,Green,#99d
646,416,$99.46,6,XL,Green,#e31
647,417,$0.75,6,S,Puce,#37a
648,418,$23.59,12,M,Blue,#e6f
649,418,$68.26,1,M,Pink,#916
650,419,$28.03,3,XS,Fuscia,#449
651,420,$35.90,12,3XL,Maroon,#d47
652,420,$25.84,8,XL,Teal,#86f
653,421,$19.44,12,XL,Blue,#547
654,422,$45.60,4,2XL,Blue,#9c3
655,422,$109.25,11,XL,Aquamarine,#854
656,423,$119.02,7,L,Teal,#609
657,424,$14.77,7,2XL,Maroon,#574
658,424,$33.88,4,3XL,Pink,#097
659,425,$78.59,4,L,Green,#98e
660,425,$86.67,10,M,Khaki,#dd4
661,426,$3.06,8,2XL,Indigo,#fa2
662,427,$68.96,11,3XL,Turquoise,#702
663,427,$61.10,4,2XL,Orange,#2f6
664,428,$37.76,11,XS,Crimson,#653
665,429,$29.23,5,XL,Violet,#1a4
666,429,$17.99,8,M,Blue,#f0b
667,430,$84.63,12,XS,Purple,#94b
668,431,$43.45,6,3XL,Yellow,#729
669,431,$119.80,11,S,Puce,#d42
670,432,$34.20,2,S,Fuscia,#f61
671,433,$87.29,9,S,Violet,#909
672,433,$23.03,9,XS,Aquamarine,#be7
673,434,$11.85,12,S,Violet,#f38
674,434,$108.58,1,L,Teal,#6de
675,435,$66.20,3,XS,Teal,#fbf
676,436,$115.97,6,M,Goldenrod,#7f2
677,436,$52.96,9,M,Aquamarine,#0d1
678,437,$93.83,2,XS,Indigo,#158
679,438,$25.58,3,L,Crimson,#13f
680,438,$114.84,12,S,Fuscia,#683
681,439,$9.39,11,S,Fuscia,#579
682,440,$33.82,7,3XL,Teal,#79c
683,440,$31.69,4,2XL,Indigo,#7f3
684,441,$74.24,4,S,Teal,#518
685,442,$97.78,5,XL,Green,#e86
686,442,$37.40,1,L,Green,#66c
687,443,$63.56,3,XS,Green,#503
688,444,$71.79,1,M,Aquamarine,#2dc
689,444,$85.93,10,S,Indigo,#855
690,445,$107.15,8,XS,Yellow,#799
691,445,$26.58,12,M,Aquamarine,#bcd
692,446,$45.65,7,3XL,Mauv,#e63
693,447,$45.04,6,S,Pink,#578
694,447,$103.32,2,M,Goldenrod,#a18
695,448,$35.99,10,2XL,Goldenrod,#efa
696,449,$110.78,5,XS,Blue,#690
697,449,$104.97,10,3XL,Indigo,#f59
698,450,$111.34,3,M,Khaki,#f3a
699,451,$114.67,10,3XL,Violet,#fed
700,451,$95.41,7,XL,Aquamarine,#92c
701,452,$10.75,4,S,Puce,#f3b
702,453,$77.12,10,L,Aquamarine,#7d1
703,453,$37.84,6,XS,Yellow,#ba1
704,454,$93.91,1,L,Violet,#65d
705,454,$117.14,4,XS,Purple,#42b
706,455,$83.02,1,2XL,Mauv,#c6a
707,456,$56.31,10,2XL,Violet,#c94
708,456,$4.11,5,3XL,Khaki,#c87
709,457,$79.29,11,M,Goldenrod,#d07
710,458,$57.05,12,XL,Maroon,#b8d
711,458,$84.29,7,2XL,Green,#b67
712,459,$33.60,8,M,Red,#f82
713,460,$25.87,7,XS,Violet,#d91
714,460,$99.52,8,M,Blue,#b9a
715,461,$62.63,9,2XL,Crimson,#13b
716,462,$6.09,7,XL,Orange,#5a4
717,462,$92.79,7,L,Fuscia,#827
718,463,$41.20,5,L,Khaki,#f47
719,463,$90.13,4,L,Khaki,#f6f
720,464,$118.89,9,S,Puce,#6dd
721,465,$73.33,9,S,Fuscia,#792
722,465,$39.22,7,3XL,Puce,#3f3
723,466,$7.69,12,XL,Orange,#23a
724,467,$69.57,8,2XL,Green,#920
725,467,$42.55,5,S,Fuscia,#f80
726,468,$43.22,10,L,Indigo,#69a
727,469,$21.37,6,3XL,Purple,#f63
728,469,$13.18,6,L,Turquoise,#28a
729,470,$26.94,8,2XL,Puce,#914
730,471,$10.41,7,XS,Fuscia,#cf1
731,471,$114.10,7,S,Pink,#eec
732,472,$9.77,4,XS,Purple,#ca2
733,473,$105.38,12,XS,Goldenrod,#3cc
734,473,$49.35,2,L,Khaki,#86a
735,474,$46.49,9,XL,Khaki,#432
736,474,$108.63,5,L,Green,#b3e
737,475,$108.27,8,XS,Goldenrod,#50f
738,476,$52.15,11,3XL,Turquoise,#aed
739,476,$4.79,7,2XL,Indigo,#8c9
740,477,$79.98,8,XS,Blue,#c82
741,478,$93.40,5,M,Yellow,#88f
742,478,$50.23,8,L,Red,#7fa
743,479,$40.39,5,L,Crimson,#9f1
744,480,$103.32,4,S,Green,#562
745,480,$14.01,5,M,Green,#1c5
746,481,$29.32,12,3XL,Fuscia,#ad6
747,482,$79.49,4,S,Aquamarine,#8c8
748,482,$99.94,9,S,Mauv,#2b4
749,483,$37.55,4,3XL,Pink,#c32
750,483,$78.49,7,L,Aquamarine,#fc9
751,484,$103.00,11,S,Puce,#855
752,485,$72.61,9,2XL,Aquamarine,#5d6
753,485,$13.35,11,L,Goldenrod,#233
754,486,$43.86,9,M,Teal,#e9e
755,487,$56.78,11,XL,Yellow,#f22
756,487,$69.69,3,XS,Purple,#1f0
757,488,$88.61,9,XS,Green,#de2
758,489,$54.19,8,XS,Blue,#106
759,489,$31.80,9,2XL,Pink,#b7a
760,490,$101.46,10,3XL,Violet,#f22
761,491,$90.78,12,XL,Blue,#8b2
762,491,$75.89,6,XS,Fuscia,#36c
763,492,$119.47,4,XL,Purple,#ab6
764,493,$77.65,11,XS,Turquoise,#a90
765,493,$108.51,10,M,Red,#8df
766,494,$68.18,2,L,Pink,#712
767,494,$56.15,9,S,Blue,#db0
768,495,$81.60,11,L,Maroon,#327
769,496,$89.72,3,M,Goldenrod,#c10
770,496,$67.96,11,S,Crimson,#57a
771,497,$49.71,1,3XL,Orange,#bb0
772,498,$67.64,11,3XL,Mauv,#c63
773,498,$118.54,8,XS,Yellow,#100
774,499,$119.65,9,XL,Purple,#158
775,500,$90.53,4,3XL,Orange,#7ca
776,500,$99.90,11,XS,Mauv,#9f4
777,501,$80.64,5,2XL,Violet,#7b9
778,502,$65.76,11,2XL,Yellow,#a1a
779,502,$13.08,4,2XL,Orange,#62b
780,503,$53.25,5,3XL,Goldenrod,#0c8
781,503,$9.07,11,L,Green,#bf6
782,504,$25.17,4,XL,Indigo,#794
783,505,$71.99,1,XL,Maroon,#c3a
784,505,$54.75,6,L,Teal,#c7a
785,506,$68.58,5,XL,Turquoise,#86e
786,507,$24.90,1,3XL,Yellow,#ad7
787,507,$74.09,6,XS,Purple,#ee5
788,508,$8.70,9,XL,Violet,#3e3
789,509,$8.63,1,XS,Pink,#e19
790,509,$83.40,11,2XL,Pink,#bf4
791,510,$8.02,4,XS,Orange,#ed4
792,511,$7.61,5,XL,Blue,#4da
793,511,$38.22,4,XS,Aquamarine,#8d7
794,512,$55.55,12,L,Turquoise,#7bd
795,512,$36.92,7,S,Red,#f06
796,513,$6.21,9,XL,Green,#73d
797,514,$90.16,2,XL,Indigo,#ec4
798,514,$10.69,1,XL,Mauv,#346
799,515,$1.59,5,S,Puce,#265
800,516,$29.16,6,2XL,Aquamarine,#7ce
801,516,$76.41,3,XS,Pink,#032
802,517,$14.33,3,M,Turquoise,#b1f
803,518,$106.74,11,M,Aquamarine,#dcf
804,518,$41.14,8,L,Khaki,#378
805,519,$70.23,8,3XL,Orange,#c06
806,520,$49.38,7,L,Khaki,#e30
807,520,$96.17,5,M,Turquoise,#8db
808,521,$15.94,6,L,Fuscia,#304
809,522,$14.33,6,S,Goldenrod,#bd4
810,522,$28.44,4,S,Blue,#49e
811,523,$62.98,2,XL,Orange,#829
812,523,$57.42,12,L,Khaki,#403
813,524,$10.91,10,L,Green,#8c2
814,525,$73.23,1,XS,Teal,#51c
815,525,$102.70,3,XS,Pink,#cab
816,526,$1.83,12,2XL,Maroon,#267
817,527,$116.51,9,XL,Blue,#dad
818,527,$105.69,11,S,Mauv,#c93
819,528,$27.70,11,XL,Green,#b71
820,529,$35.29,8,2XL,Goldenrod,#48a
821,529,$109.79,6,XL,Violet,#3f4
822,530,$109.26,5,M,Crimson,#876
823,531,$110.24,4,XS,Maroon,#334
824,531,$49.88,10,2XL,Violet,#1b8
825,532,$73.65,9,XS,Red,#290
826,532,$72.85,8,3XL,Violet,#cb3
827,533,$109.85,1,L,Goldenrod,#420
828,534,$22.64,4,3XL,Red,#223
829,534,$54.80,7,L,Blue,#57a
830,535,$36.16,4,3XL,Fuscia,#021
831,536,$0.24,10,3XL,Green,#542
832,536,$46.09,4,M,Orange,#fa5
833,537,$119.12,5,XL,Yellow,#097
834,538,$94.09,6,M,Teal,#33f
835,538,$74.21,10,XL,Orange,#39b
836,539,$42.84,5,XS,Green,#acb
837,540,$86.25,11,2XL,Red,#159
838,540,$27.01,3,M,Fuscia,#ddd
839,541,$116.04,12,L,Turquoise,#3e6
840,541,$57.46,5,M,Pink,#33c
841,542,$24.46,6,S,Mauv,#77b
842,543,$88.70,9,XS,Mauv,#422
843,543,$70.26,11,S,Indigo,#2b1
844,544,$63.35,6,M,Yellow,#114
845,545,$102.12,8,3XL,Khaki,#bfe
846,545,$72.95,8,XL,Mauv,#ee7
847,546,$56.17,10,3XL,Goldenrod,#fe0
848,547,$48.29,2,3XL,Mauv,#ba1
849,547,$2.52,5,M,Puce,#04d
850,548,$38.09,7,M,Teal,#5de
851,549,$36.48,6,XL,Blue,#e7a
852,549,$8.98,7,L,Purple,#3ae
853,550,$111.31,11,M,Mauv,#17b
854,551,$60.59,4,S,Puce,#94f
855,551,$54.96,6,M,Pink,#a03
856,552,$92.25,9,L,Goldenrod,#ab5
857,552,$17.96,4,XL,Orange,#01f
858,553,$118.71,3,S,Puce,#245
859,554,$20.01,7,2XL,Mauv,#522
860,554,$44.05,2,L,Yellow,#b27
861,555,$47.24,5,L,Fuscia,#849
862,556,$75.94,2,XL,Puce,#63e
863,556,$109.61,8,3XL,Maroon,#976
864,557,$1.73,5,2XL,Indigo,#e1f
865,558,$74.50,6,L,Orange,#aad
866,558,$39.72,1,M,Puce,#f48
867,559,$65.21,9,M,Crimson,#fdb
868,560,$9.55,3,XL,Fuscia,#9e5
869,560,$90.26,2,XL,Red,#f7f
870,561,$6.19,3,XS,Aquamarine,#1c9
871,561,$65.69,7,3XL,Fuscia,#00e
872,562,$42.99,7,L,Violet,#42c
873,563,$83.17,11,XL,Mauv,#5c4
874,563,$22.27,2,M,Turquoise,#436
875,564,$42.00,7,S,Maroon,#50b
876,565,$48.08,7,3XL,Violet,#8ed
877,565,$54.13,1,S,Teal,#16b
878,566,$115.61,10,L,Crimson,#6b8
879,567,$52.04,10,3XL,Fuscia,#6fa
880,567,$8.10,11,XS,Khaki,#2c0
881,568,$7.87,11,XL,Yellow,#09e
882,569,$34.11,8,2XL,Orange,#c12
883,569,$42.20,11,M,Maroon,#9f4
884,570,$90.67,10,S,Fuscia,#623
885,571,$28.13,9,XS,Teal,#eaf
886,571,$112.93,1,3XL,Turquoise,#7f9
887,572,$104.09,7,L,Red,#c4c
888,572,$63.92,5,XL,Red,#86d
889,573,$64.44,6,3XL,Yellow,#8bc
890,574,$117.04,10,XS,Mauv,#cba
891,574,$40.16,12,XL,Maroon,#93c
892,575,$91.74,10,M,Yellow,#8dd
893,576,$92.96,2,M,Turquoise,#e92
894,576,$20.85,3,L,Crimson,#bfc
895,577,$39.82,2,S,Yellow,#0b4
896,578,$41.01,7,M,Turquoise,#bde
897,578,$105.46,12,S,Fuscia,#9ed
898,579,$4.68,8,M,Orange,#8e9
899,580,$112.74,1,XS,Crimson,#202
900,580,$22.63,9,L,Turquoise,#01a
901,581,$26.10,11,XS,Teal,#bc0
902,581,$78.46,11,S,Turquoise,#62e
903,582,$72.55,4,XS,Green,#503
904,583,$101.92,4,3XL,Maroon,#9fc
905,583,$101.21,6,2XL,Green,#348
906,584,$92.30,8,S,Mauv,#cd5
907,585,$53.95,7,XS,Fuscia,#dad
908,585,$15.35,7,S,Goldenrod,#9e1
909,586,$40.29,10,XS,Green,#b92
910,587,$1.96,6,2XL,Violet,#0a8
911,587,$96.53,6,L,Red,#48d
912,588,$51.16,6,M,Puce,#a6e
913,589,$91.96,7,L,Turquoise,#2ca
914,589,$41.69,6,S,Green,#739
915,590,$21.22,9,XS,Pink,#849
916,590,$16.99,3,XL,Puce,#3ca
917,591,$65.15,2,3XL,Yellow,#225
918,592,$52.52,9,XS,Goldenrod,#68d
919,592,$102.84,10,2XL,Red,#60d
920,593,$38.23,9,S,Khaki,#8cf
921,594,$51.38,10,L,Indigo,#2aa
922,594,$51.64,10,XS,Green,#baa
923,595,$21.11,8,S,Mauv,#37f
924,596,$92.94,10,3XL,Purple,#e78
925,596,$72.24,1,XL,Indigo,#2e4
926,597,$110.11,4,XL,Green,#b3e
927,598,$73.83,1,L,Aquamarine,#236
928,598,$68.43,4,XL,Red,#7c2
929,599,$117.25,1,XL,Orange,#a81
930,600,$7.32,7,M,Blue,#317
931,600,$76.36,6,L,Purple,#e8a
932,601,$81.20,4,3XL,Fuscia,#e69
933,601,$116.65,9,XL,Puce,#6f0
934,602,$52.38,6,L,Violet,#f30
935,603,$0.08,8,XL,Maroon,#396
936,603,$38.90,10,L,Pink,#0cb
937,604,$119.91,5,XL,Mauv,#926
938,605,$14.69,10,M,Orange,#1a1
939,605,$35.14,6,S,Green,#4fe
940,606,$1.16,5,L,Orange,#4b7
941,607,$65.12,7,XS,Red,#acf
942,607,$111.93,10,XS,Aquamarine,#796
943,608,$33.64,6,S,Fuscia,#811
944,609,$114.21,9,M,Yellow,#047
945,609,$0.70,10,XL,Crimson,#4c1
946,610,$107.92,4,M,Crimson,#503
947,610,$95.49,3,XS,Turquoise,#59c
948,611,$0.09,8,XL,Goldenrod,#c78
949,612,$86.72,3,L,Aquamarine,#5ca
950,612,$77.52,1,XL,Aquamarine,#520
951,613,$103.94,5,L,Blue,#08f
952,614,$0.59,9,S,Violet,#046
953,614,$116.35,4,XL,Blue,#63c
954,615,$33.05,10,3XL,Blue,#6ff
955,616,$2.89,7,M,Aquamarine,#b13
956,616,$62.59,2,S,Turquoise,#2dd
957,617,$53.54,5,XL,Puce,#3a5
958,618,$31.94,9,M,Aquamarine,#1d8
959,618,$56.51,6,3XL,Khaki,#bd5
960,619,$68.08,5,XL,Yellow,#c98
961,619,$64.49,3,2XL,Aquamarine,#9a6
962,620,$106.99,9,2XL,Yellow,#633
963,621,$61.72,7,2XL,Puce,#fd0
964,621,$23.09,2,M,Purple,#162
965,622,$70.01,1,XL,Khaki,#0ee
966,623,$7.59,4,XL,Maroon,#a50
967,623,$83.83,5,XS,Maroon,#530
968,624,$52.05,2,XL,Mauv,#e86
969,625,$15.49,9,2XL,Violet,#07f
970,625,$13.97,3,XS,Teal,#b5e
971,626,$88.95,10,S,Crimson,#661
972,627,$73.27,6,2XL,Indigo,#6cb
973,627,$115.51,1,M,Green,#b8f
974,628,$51.90,7,3XL,Indigo,#5d9
975,629,$58.19,7,3XL,Goldenrod,#f47
976,629,$117.02,2,3XL,Red,#729
977,630,$79.83,6,3XL,Orange,#785
978,630,$108.94,1,L,Yellow,#786
979,631,$90.84,2,XS,Indigo,#930
980,632,$26.90,9,L,Puce,#b46
981,632,$78.53,10,L,Goldenrod,#7dd
982,633,$106.08,12,L,Fuscia,#015
983,634,$27.79,5,2XL,Puce,#ed6
984,634,$79.46,12,L,Turquoise,#e24
985,635,$9.80,5,XS,Yellow,#005
986,636,$55.14,10,L,Aquamarine,#7e2
987,636,$43.28,2,S,Violet,#0b0
988,637,$106.63,8,XS,Pink,#4e8
989,638,$82.93,1,XS,Aquamarine,#321
990,638,$9.54,3,XL,Aquamarine,#b07
991,639,$69.37,9,2XL,Turquoise,#0a4
992,639,$24.83,12,M,Teal,#26a
993,640,$17.51,5,M,Turquoise,#0de
994,641,$97.80,2,XS,Pink,#9c0
995,641,$31.56,5,M,Indigo,#67e
996,642,$113.89,7,M,Mauv,#62d
997,643,$85.10,7,XS,Orange,#6fb
998,643,$30.06,9,XS,Maroon,#6c4
999,644,$30.17,12,XS,Violet,#470
1000,645,$32.28,12,S,Crimson,#23a
1001,645,$94.46,2,XS,Fuscia,#a89
1002,646,$56.90,11,2XL,Purple,#242
1003,647,$15.38,3,M,Goldenrod,#4c4
1004,647,$93.69,12,XS,Aquamarine,#e0e
1005,648,$76.55,5,XL,Blue,#a19
1006,648,$84.63,11,3XL,Maroon,#b5c
1007,649,$61.04,11,XL,Teal,#b57
1008,650,$93.71,6,XS,Turquoise,#9b1
1009,650,$119.29,7,XS,Aquamarine,#b4c
1010,651,$89.78,1,XL,Violet,#7ca
1011,652,$54.52,8,XS,Red,#9f4
1012,652,$118.48,11,L,Maroon,#20b
1013,653,$112.55,3,XS,Pink,#c09
1014,654,$16.18,8,2XL,Violet,#3c5
1015,654,$45.63,12,3XL,Purple,#3fe
1016,655,$74.04,7,XL,Crimson,#abd
1017,656,$25.50,10,3XL,Aquamarine,#1fe
1018,656,$35.98,11,S,Blue,#421
1019,657,$107.21,2,XL,Orange,#912
1020,658,$27.43,3,2XL,Turquoise,#fd1
1021,658,$23.97,1,3XL,Orange,#c73
1022,659,$47.99,5,2XL,Fuscia,#14c
1023,659,$59.42,12,XS,Purple,#43f
1024,660,$80.54,4,XS,Goldenrod,#c45
1025,661,$103.58,11,M,Mauv,#b82
1026,661,$49.46,8,XS,Green,#297
1027,662,$55.43,9,M,Crimson,#dc9
1028,663,$91.93,10,S,Puce,#05f
1029,663,$11.69,5,M,Pink,#49e
1030,664,$84.76,12,S,Blue,#fc2
1031,665,$23.71,6,3XL,Green,#d94
1032,665,$14.38,12,L,Puce,#341
1033,666,$38.32,1,XL,Indigo,#aa7
1034,667,$102.88,11,3XL,Indigo,#8a6
1035,667,$12.62,4,M,Blue,#50f
1036,668,$59.37,7,XS,Purple,#769
1037,668,$68.05,2,2XL,Goldenrod,#333
1038,669,$15.10,11,S,Khaki,#4fd
1039,670,$77.47,5,XS,Mauv,#b14
1040,670,$14.76,4,3XL,Goldenrod,#a0d
1041,671,$118.29,3,XS,Indigo,#5ba
1042,672,$44.82,2,2XL,Turquoise,#a36
1043,672,$92.03,6,3XL,Pink,#979
1044,673,$90.43,8,L,Orange,#e76
1045,674,$1.54,11,XL,Purple,#63d
1046,674,$66.23,2,XS,Crimson,#0d0
1047,675,$108.79,11,XS,Crimson,#837
1048,676,$63.81,2,XS,Turquoise,#40b
1049,676,$69.40,9,2XL,Goldenrod,#3d8
1050,677,$39.56,2,L,Aquamarine,#5a5
1051,678,$8.15,4,XS,Crimson,#1a3
1052,678,$102.44,7,3XL,Aquamarine,#2ee
1053,679,$19.10,1,XL,Mauv,#44f
1054,679,$30.86,12,L,Mauv,#353
1055,680,$20.35,5,3XL,Turquoise,#45a
1056,681,$42.43,7,3XL,Maroon,#cd0
1057,681,$97.76,6,S,Fuscia,#dd9
1058,682,$88.84,1,M,Teal,#e7a
1059,683,$71.46,4,S,Puce,#3f6
1060,683,$109.65,10,3XL,Mauv,#598
1061,684,$63.03,7,3XL,Orange,#3fe
1062,685,$70.58,2,2XL,Indigo,#b86
1063,685,$5.00,3,XS,Pink,#c80
1064,686,$100.75,11,L,Indigo,#7f6
1065,687,$94.69,8,M,Yellow,#af0
1066,687,$41.58,6,XL,Teal,#945
1067,688,$34.74,4,XS,Aquamarine,#06c
1068,688,$46.55,2,L,Mauv,#b4f
1069,689,$72.20,11,M,Mauv,#a4a
1070,690,$40.46,9,2XL,Teal,#db0
1071,690,$49.63,11,S,Fuscia,#ce0
1072,691,$72.48,12,2XL,Pink,#890
1073,692,$14.35,11,XL,Maroon,#aed
1074,692,$8.84,4,2XL,Violet,#940
1075,693,$51.35,8,S,Mauv,#455
1076,694,$46.53,1,M,Maroon,#7c9
1077,694,$97.87,2,2XL,Goldenrod,#276
1078,695,$75.49,6,3XL,Mauv,#016
1079,696,$76.32,1,M,Green,#bf9
1080,696,$97.60,2,M,Yellow,#d72
1081,697,$21.97,4,M,Khaki,#b0c
1082,697,$59.02,8,2XL,Turquoise,#b38
1083,698,$63.80,9,L,Orange,#4bc
1084,699,$74.06,12,2XL,Indigo,#69d
1085,699,$35.29,6,S,Purple,#96f
1086,700,$34.88,3,3XL,Crimson,#005
1087,701,$87.71,11,XL,Puce,#5fa
1088,701,$7.46,11,2XL,Red,#6b5
1089,702,$63.86,6,L,Pink,#ce5
1090,703,$36.50,10,S,Orange,#69a
1091,703,$81.64,4,2XL,Turquoise,#00d
1092,704,$98.00,10,L,Goldenrod,#219
1093,705,$102.53,7,XL,Green,#5c3
1094,705,$51.24,6,3XL,Violet,#f81
1095,706,$30.35,2,L,Indigo,#78a
1096,707,$31.65,2,XL,Orange,#111
1097,707,$60.37,5,L,Teal,#0e6
1098,708,$31.80,11,XS,Puce,#505
1099,708,$112.25,8,2XL,Yellow,#ef8
1100,709,$15.53,8,XL,Orange,#889
1101,710,$84.28,1,S,Violet,#2b9
1102,710,$54.98,4,S,Purple,#af7
1103,711,$118.97,9,2XL,Turquoise,#4ae
1104,712,$112.92,8,M,Goldenrod,#22b
1105,712,$63.98,6,3XL,Mauv,#76d
1106,713,$112.23,3,XL,Puce,#a1c
1107,714,$49.97,11,M,Green,#067
1108,714,$8.75,10,XS,Indigo,#cc2
1109,715,$91.21,9,XS,Green,#84e
1110,716,$101.46,3,3XL,Aquamarine,#a60
1111,716,$68.86,6,L,Blue,#175
1112,717,$1.88,5,XL,Turquoise,#739
1113,717,$4.01,8,XS,Goldenrod,#1c6
1114,718,$101.63,12,L,Goldenrod,#a0b
1115,719,$97.60,10,M,Blue,#0c5
1116,719,$80.34,3,L,Blue,#6bd
1117,720,$68.04,11,XL,Maroon,#c6c
1118,721,$30.98,10,L,Orange,#360
1119,721,$70.73,6,XL,Mauv,#cd0
1120,722,$47.14,6,XS,Red,#152
1121,723,$9.59,2,3XL,Fuscia,#a21
1122,723,$55.31,1,XL,Pink,#e93
1123,724,$33.92,3,2XL,Turquoise,#ed4
1124,725,$106.94,9,S,Pink,#856
1125,725,$43.00,1,L,Violet,#1ce
1126,726,$107.83,5,L,Fuscia,#631
1127,726,$75.87,10,S,Teal,#d13
1128,727,$11.73,9,M,Violet,#d73
1129,728,$98.32,3,S,Teal,#f59
1130,728,$106.51,3,XL,Yellow,#df9
1131,729,$95.57,3,XL,Aquamarine,#1f4
1132,730,$10.12,8,M,Violet,#77b
1133,730,$5.69,9,XS,Khaki,#e71
1134,731,$101.61,10,2XL,Puce,#cbf
1135,732,$8.42,10,2XL,Fuscia,#fe6
1136,732,$90.89,4,XL,Aquamarine,#75c
1137,733,$66.19,7,S,Blue,#338
1138,734,$52.20,1,XL,Aquamarine,#a0c
1139,734,$100.89,8,M,Red,#5e4
1140,735,$30.24,8,3XL,Teal,#66d
1141,736,$52.07,9,M,Aquamarine,#269
1142,736,$17.71,11,XL,Teal,#76d
1143,737,$92.46,12,L,Mauv,#6ca
1144,737,$69.29,8,L,Turquoise,#e1e
1145,738,$13.62,12,M,Violet,#24f
1146,739,$117.63,7,XS,Turquoise,#c88
1147,739,$52.75,9,L,Orange,#842
1148,740,$66.68,9,2XL,Violet,#950
1149,741,$42.54,10,M,Yellow,#198
1150,741,$88.31,9,2XL,Red,#861
1151,742,$115.37,4,S,Pink,#2f7
1152,743,$4.25,12,L,Yellow,#23b
1153,743,$48.72,6,3XL,Puce,#bb4
1154,744,$4.71,8,XS,Khaki,#739
1155,745,$107.71,10,3XL,Turquoise,#0a9
1156,745,$44.49,2,S,Yellow,#ab2
1157,746,$3.73,1,XS,Crimson,#cc1
1158,746,$111.78,12,L,Khaki,#977
1159,747,$79.74,9,3XL,Violet,#645
1160,748,$29.76,10,3XL,Turquoise,#879
1161,748,$110.34,12,3XL,Aquamarine,#c2a
1162,749,$50.87,5,XL,Maroon,#ba1
1163,750,$11.25,5,3XL,Orange,#c02
1164,750,$62.94,3,XL,Purple,#ae8
1165,751,$84.45,1,S,Orange,#1f9
1166,752,$22.38,3,M,Pink,#478
1167,752,$24.10,2,L,Khaki,#271
1168,753,$12.61,4,XL,Goldenrod,#d12
1169,754,$62.76,7,3XL,Crimson,#60f
1170,754,$49.22,7,2XL,Aquamarine,#df4
1171,755,$45.48,8,2XL,Fuscia,#e44
1172,756,$26.45,9,3XL,Red,#cf4
1173,756,$71.88,3,S,Green,#6f7
1174,757,$8.84,11,XS,Pink,#24d
1175,757,$96.02,7,XL,Violet,#61f
1176,758,$97.58,3,S,Goldenrod,#2fc
1177,759,$30.67,10,L,Crimson,#4dd
1178,759,$36.62,2,XS,Maroon,#3b7
1179,760,$81.77,3,XS,Maroon,#cef
1180,761,$38.65,10,M,Fuscia,#36c
1181,761,$40.83,9,L,Aquamarine,#560
1182,762,$47.91,6,XS,Orange,#abd
1183,763,$94.30,9,M,Violet,#12d
1184,763,$84.17,2,XL,Aquamarine,#e1b
1185,764,$11.21,10,2XL,Orange,#475
1186,765,$101.67,12,XL,Orange,#158
1187,765,$73.41,3,L,Green,#dc3
1188,766,$103.95,8,XS,Purple,#531
1189,766,$117.38,10,2XL,Maroon,#7b4
1190,767,$32.57,6,XS,Crimson,#4cf
1191,768,$2.10,10,2XL,Purple,#2f9
1192,768,$53.23,6,3XL,Teal,#307
1193,769,$58.26,9,S,Aquamarine,#237
1194,770,$23.97,11,XS,Pink,#0b9
1195,770,$107.23,9,L,Orange,#031
1196,771,$30.20,3,S,Goldenrod,#250
1197,772,$59.86,3,XL,Mauv,#aa6
1198,772,$115.38,2,XL,Orange,#755
1199,773,$2.00,8,L,Yellow,#fe3
1200,774,$24.43,8,2XL,Blue,#e2f
1201,774,$34.20,1,3XL,Orange,#f7b
1202,775,$91.02,2,S,Khaki,#5b7
1203,775,$66.65,3,S,Indigo,#108
1204,776,$66.95,12,S,Green,#6e6
1205,777,$29.93,5,3XL,Aquamarine,#f76
1206,777,$55.06,7,L,Yellow,#83d
1207,778,$84.55,2,XS,Maroon,#4b6
1208,779,$104.56,4,S,Fuscia,#ee1
1209,779,$63.32,8,XS,Yellow,#129
1210,780,$116.16,3,2XL,Aquamarine,#cda
1211,781,$114.79,2,2XL,Khaki,#0c2
1212,781,$101.43,5,XL,Goldenrod,#5e1
1213,782,$94.00,7,XS,Indigo,#3c9
1214,783,$101.20,6,3XL,Violet,#ca1
1215,783,$9.72,9,M,Mauv,#b7e
1216,784,$3.50,9,XL,Green,#a9a
1217,785,$119.95,4,XS,Purple,#365
1218,785,$58.75,6,2XL,Fuscia,#317
1219,786,$59.31,10,S,Yellow,#705
1220,786,$90.00,3,3XL,Green,#b33
1221,787,$62.04,12,M,Red,#725
1222,788,$24.95,4,M,Fuscia,#5e0
1223,788,$42.67,7,3XL,Khaki,#d25
1224,789,$51.41,9,XL,Puce,#079
1225,790,$82.94,2,XS,Blue,#787
1226,790,$43.70,6,XS,Teal,#a13
1227,791,$93.76,9,M,Purple,#458
1228,792,$85.57,7,XL,Maroon,#15f
1229,792,$4.90,9,XL,Violet,#f85
1230,793,$34.71,8,L,Teal,#3b7
1231,794,$16.12,7,S,Indigo,#ab4
1232,794,$62.02,8,L,Purple,#778
1233,795,$108.48,10,3XL,Maroon,#249
1234,795,$84.92,1,XL,Puce,#a0e
1235,796,$19.18,3,XS,Goldenrod,#047
1236,797,$80.13,5,XL,Turquoise,#514
1237,797,$3.97,8,3XL,Orange,#8ce
1238,798,$74.83,6,3XL,Mauv,#829
1239,799,$80.57,5,XS,Pink,#b7a
1240,799,$53.69,1,L,Pink,#c08
1241,800,$99.78,12,XS,Crimson,#aa2
1242,801,$96.94,7,XS,Crimson,#f77
1243,801,$8.62,1,2XL,Pink,#804
1244,802,$43.91,1,M,Turquoise,#190
1245,803,$0.75,12,S,Maroon,#649
1246,803,$75.53,4,2XL,Fuscia,#64d
1247,804,$93.34,6,XS,Green,#424
1248,804,$44.17,3,M,Khaki,#dc0
1249,805,$64.56,10,L,Yellow,#52a
1250,806,$107.13,8,XL,Blue,#762
1251,806,$55.28,9,3XL,Turquoise,#796
1252,807,$78.79,4,L,Red,#26a
1253,808,$0.87,7,S,Khaki,#b33
1254,808,$96.99,5,M,Crimson,#573
1255,809,$72.92,1,L,Goldenrod,#192
1256,810,$50.55,9,M,Green,#74a
1257,810,$55.72,12,3XL,Indigo,#032
1258,811,$37.90,5,3XL,Green,#17b
1259,812,$53.12,3,L,Mauv,#f8d
1260,812,$60.05,11,XL,Violet,#908
1261,813,$35.16,10,2XL,Orange,#e81
1262,814,$77.02,9,2XL,Blue,#d6c
1263,814,$83.19,12,L,Puce,#93f
1264,815,$12.41,10,3XL,Turquoise,#277
1265,815,$69.00,1,S,Aquamarine,#d20
1266,816,$44.75,10,XS,Purple,#3b7
1267,817,$5.19,5,M,Blue,#ece
1268,817,$36.18,1,M,Maroon,#3d4
1269,818,$13.76,6,2XL,Green,#1dc
1270,819,$88.80,2,M,Indigo,#c12
1271,819,$20.98,6,XS,Khaki,#753
1272,820,$96.35,1,L,Indigo,#fe6
1273,821,$92.52,9,M,Fuscia,#078
1274,821,$10.80,8,2XL,Violet,#2a8
1275,822,$107.45,12,3XL,Mauv,#1e0
1276,823,$54.39,7,S,Orange,#a88
1277,823,$45.62,6,L,Teal,#6c7
1278,824,$39.06,4,XL,Pink,#a0b
1279,824,$115.34,7,M,Orange,#3a5
1280,825,$79.59,5,M,Yellow,#1d1
1281,826,$42.15,12,M,Crimson,#3fa
1282,826,$67.60,5,3XL,Purple,#e85
1283,827,$14.00,5,M,Turquoise,#13f
1284,828,$74.91,11,3XL,Pink,#df1
1285,828,$56.29,3,3XL,Puce,#401
1286,829,$34.02,1,3XL,Yellow,#b30
1287,830,$28.75,3,XL,Aquamarine,#9c6
1288,830,$41.49,11,XL,Teal,#9db
1289,831,$30.58,12,XL,Orange,#90b
1290,832,$32.10,10,S,Goldenrod,#832
1291,832,$104.57,8,S,Goldenrod,#5bb
1292,833,$8.55,1,M,Pink,#c19
1293,834,$68.64,9,S,Fuscia,#73a
1294,834,$23.46,6,M,Indigo,#fa3
1295,835,$88.22,7,L,Indigo,#8c3
1296,835,$37.33,10,3XL,Orange,#f38
1297,836,$69.75,10,L,Turquoise,#9aa
1298,837,$111.42,10,S,Teal,#419
1299,837,$97.71,4,XS,Red,#ab8
1300,838,$81.71,12,XL,Yellow,#9db
1301,839,$42.35,6,XS,Yellow,#5b6
1302,839,$49.14,5,M,Maroon,#fed
1303,840,$13.92,1,M,Turquoise,#7ca
1304,841,$42.77,1,XL,Teal,#e40
1305,841,$71.64,3,XS,Goldenrod,#eec
1306,842,$29.41,12,XL,Maroon,#98f
1307,843,$21.89,3,XL,Red,#29f
1308,843,$5.20,7,XS,Green,#688
1309,844,$61.85,7,2XL,Khaki,#763
1310,844,$51.83,5,S,Orange,#f8f
1311,845,$21.41,12,M,Purple,#1b8
1312,846,$52.70,5,L,Turquoise,#9df
1313,846,$34.51,4,3XL,Indigo,#2bc
1314,847,$32.19,11,XS,Pink,#8d1
1315,848,$111.99,11,3XL,Goldenrod,#f6d
1316,848,$82.80,2,S,Red,#65c
1317,849,$10.40,8,2XL,Goldenrod,#e7d
1318,850,$10.10,9,L,Violet,#b55
1319,850,$2.98,3,2XL,Fuscia,#a04
1320,851,$22.19,4,L,Violet,#daa
1321,852,$41.93,11,XS,Mauv,#9f3
1322,852,$8.29,5,XL,Green,#f61
1323,853,$8.29,9,2XL,Green,#e8f
1324,853,$7.92,6,L,Yellow,#fc0
1325,854,$36.72,6,2XL,Blue,#183
1326,855,$30.91,1,XS,Pink,#c81
1327,855,$93.97,3,L,Violet,#342
1328,856,$22.29,8,S,Khaki,#d58
1329,857,$79.30,8,S,Khaki,#550
1330,857,$46.51,10,2XL,Mauv,#fc3
1331,858,$41.04,6,L,Puce,#d0c
1332,859,$38.34,9,XS,Indigo,#1a7
1333,859,$74.97,1,XS,Red,#832
1334,860,$84.73,10,M,Turquoise,#3ad
1335,861,$77.61,5,S,Puce,#1b2
1336,861,$72.80,9,XL,Mauv,#725
1337,862,$40.68,3,3XL,Indigo,#d66
1338,863,$27.64,5,M,Aquamarine,#b24
1339,863,$94.90,5,XL,Aquamarine,#df5
1340,864,$80.90,8,3XL,Red,#c0e
1341,864,$103.13,10,M,Green,#69b
1342,865,$24.37,10,M,Purple,#b63
1343,866,$79.77,7,L,Crimson,#7d8
1344,866,$48.09,8,2XL,Fuscia,#f5b
1345,867,$91.27,4,2XL,Goldenrod,#884
1346,868,$37.24,5,M,Green,#300
1347,868,$39.29,5,S,Goldenrod,#93d
1348,869,$63.68,9,L,Green,#a62
1349,870,$86.95,1,XL,Crimson,#4e0
1350,870,$85.98,8,XL,Yellow,#272
1351,871,$35.92,4,M,Maroon,#6e4
1352,872,$8.98,10,3XL,Indigo,#e46
1353,872,$88.23,3,XL,Fuscia,#3b9
1354,873,$114.34,11,S,Fuscia,#ffa
1355,873,$58.39,2,XL,Aquamarine,#155
1356,874,$115.91,11,L,Mauv,#fc6
1357,875,$19.27,6,XL,Crimson,#3f6
1358,875,$116.43,5,XL,Maroon,#7fe
1359,876,$49.80,4,XS,Red,#76f
1360,877,$28.28,5,XS,Teal,#76a
1361,877,$103.63,2,M,Pink,#f13
1362,878,$21.09,11,XS,Red,#3f5
1363,879,$113.12,4,XL,Violet,#0ed
1364,879,$75.80,4,S,Green,#e74
1365,880,$84.13,7,S,Red,#08e
1366,881,$108.94,1,2XL,Purple,#164
1367,881,$40.31,4,2XL,Yellow,#a9c
1368,882,$56.52,12,S,Yellow,#2c0
1369,883,$81.51,1,3XL,Red,#4ab
1370,884,$88.24,6,3XL,Green,#d91
1371,885,$85.09,6,L,Mauv,#e7a
1372,886,$22.06,4,M,Aquamarine,#d2c
1373,887,$97.95,10,S,Pink,#8f1
1374,888,$13.56,12,S,Khaki,#e03
1375,889,$83.10,8,XS,Blue,#a33
1376,890,$58.93,7,3XL,Maroon,#6c0
1377,891,$48.80,12,S,Puce,#69c
1378,892,$49.95,8,XS,Turquoise,#19d
1379,893,$13.74,6,XL,Pink,#f26
1380,894,$6.35,6,M,Khaki,#01e
1381,895,$4.81,12,XL,Maroon,#3ef
1382,896,$61.60,10,L,Violet,#bf1
1383,897,$80.94,3,M,Aquamarine,#902
1384,898,$15.33,7,M,Mauv,#ece
1385,899,$110.00,3,M,Teal,#19a
1386,900,$47.05,4,3XL,Crimson,#df4
1387,901,$106.95,8,3XL,Teal,#abe
1388,902,$51.93,7,M,Indigo,#ac5
1389,903,$39.02,3,XL,Yellow,#058
1390,904,$105.03,5,3XL,Indigo,#788
1391,905,$25.78,12,3XL,Crimson,#0ee
1392,906,$69.03,9,2XL,Turquoise,#63d
1393,907,$62.74,10,3XL,Goldenrod,#e2e
1394,908,$90.81,10,2XL,Fuscia,#349
1395,909,$77.00,2,2XL,Indigo,#8e7
1396,910,$54.45,3,M,Aquamarine,#5e7
1397,911,$65.75,3,2XL,Puce,#ff8
1398,912,$88.32,7,XL,Yellow,#95f
1399,913,$34.81,6,M,Goldenrod,#7bc
1400,914,$49.80,9,3XL,Turquoise,#99f
1401,915,$48.39,12,2XL,Blue,#ddf
1402,916,$98.82,10,3XL,Mauv,#8b3
1403,917,$8.66,11,L,Green,#589
1404,918,$74.80,4,XS,Violet,#9c0
1405,919,$22.85,10,XS,Purple,#a86
1406,920,$112.99,8,XS,Purple,#a83
1407,921,$95.99,7,3XL,Purple,#7ff
1408,922,$62.87,9,L,Green,#d3c
1409,923,$82.19,6,S,Green,#520
1410,924,$118.39,5,S,Puce,#f56
1411,925,$13.48,10,M,Green,#efe
1412,926,$118.62,5,3XL,Orange,#996
1413,927,$49.07,3,3XL,Turquoise,#9b4
1414,928,$21.99,12,XS,Blue,#ead
1415,929,$22.42,10,2XL,Maroon,#38d
1416,930,$3.48,11,3XL,Violet,#ebe
1417,931,$115.76,9,L,Orange,#874
1418,932,$18.28,2,M,Fuscia,#243
1419,933,$13.89,8,XL,Pink,#15d
1420,934,$59.25,12,2XL,Yellow,#0f2
1421,935,$77.99,6,XL,Violet,#252
1422,936,$79.45,3,L,Red,#6eb
1423,937,$53.68,11,M,Turquoise,#3f7
1424,938,$73.16,12,S,Puce,#e2a
1425,939,$70.58,6,L,Green,#4a6
1426,940,$44.39,7,L,Puce,#e28
1427,941,$5.84,5,S,Goldenrod,#ce7
1428,942,$19.74,7,S,Orange,#c8c
1429,943,$74.06,2,S,Aquamarine,#342
1430,944,$3.64,11,XL,Crimson,#70b
1431,945,$1.48,10,S,Turquoise,#070
1432,946,$30.23,5,M,Turquoise,#219
1433,947,$62.44,1,2XL,Pink,#99d
1434,948,$6.01,5,2XL,Turquoise,#728
1435,949,$53.79,3,2XL,Violet,#1ef
1436,950,$62.46,1,S,Yellow,#a89
1437,951,$38.68,1,XL,Green,#bf0
1438,952,$104.16,2,L,Teal,#c92
1439,953,$35.43,6,M,Turquoise,#2e7
1440,954,$100.61,11,XS,Indigo,#a46
1441,955,$78.41,7,2XL,Mauv,#337
1442,956,$80.98,10,XS,Maroon,#051
1443,957,$80.27,1,S,Purple,#a0f
1444,958,$41.29,1,XS,Teal,#1e2
1445,959,$89.31,7,2XL,Turquoise,#7ac
1446,960,$14.90,1,XL,Orange,#c5e
1447,961,$7.94,12,2XL,Aquamarine,#282
1448,962,$47.25,10,2XL,Goldenrod,#11e
1449,963,$107.58,11,2XL,Violet,#789
1450,964,$25.07,5,XL,Purple,#fd3
1451,965,$59.87,9,S,Green,#694
1452,966,$109.92,1,3XL,Violet,#c4b
1453,967,$87.98,1,XS,Khaki,#a0c
1454,968,$18.12,12,3XL,Violet,#31e
1455,969,$49.99,6,3XL,Fuscia,#a2d
1456,970,$95.94,11,3XL,Pink,#b5c
1457,971,$6.00,9,M,Red,#146
1458,972,$107.27,3,2XL,Blue,#36b
1459,973,$45.79,5,S,Aquamarine,#54b
1460,974,$24.81,1,2XL,Purple,#b10
1461,975,$109.38,4,L,Orange,#3d6
1462,976,$61.65,3,L,Indigo,#339
1463,977,$76.67,6,S,Fuscia,#a88
1464,978,$0.59,2,XL,Violet,#50a
1465,979,$81.02,5,XS,Turquoise,#8c1
1466,980,$67.38,12,S,Fuscia,#257
1467,981,$32.67,12,XL,Pink,#454
1468,982,$91.33,11,XL,Mauv,#629
1469,983,$53.98,8,S,Teal,#423
1470,984,$65.79,9,2XL,Khaki,#190
1471,985,$114.20,5,S,Green,#0dc
1472,986,$3.87,2,L,Orange,#ef5
1473,987,$25.13,10,M,Fuscia,#2f8
1474,988,$53.72,7,M,Yellow,#1d7
1475,989,$77.57,6,XS,Indigo,#3c2
1476,990,$35.18,3,2XL,Fuscia,#429
1477,991,$90.11,9,S,Teal,#55e
1478,992,$4.47,5,XS,Purple,#704
1479,992,$94.32,9,XS,Maroon,#625
1480,992,$7.21,12,S,Yellow,#854
1481,993,$2.64,8,M,Turquoise,#91b
1482,993,$102.84,12,L,Blue,#fc8
1483,994,$28.50,5,XL,Aquamarine,#c4c
1484,995,$119.12,3,2XL,Yellow,#d25
1485,994,$96.54,2,S,Puce,#c53
1486,994,$104.90,7,XL,Orange,#2a6
1487,995,$31.16,8,XS,Crimson,#f0e
1488,995,$25.05,3,3XL,Purple,#ccd
1489,996,$84.73,8,M,Mauv,#52f
1490,996,$95.65,4,2XL,Blue,#1ee
1491,997,$62.49,8,3XL,Red,#474
1492,996,$80.02,9,XL,Fuscia,#b7f
1493,997,$74.27,9,XS,Blue,#af3
1494,997,$26.76,1,S,Pink,#0c0
1495,998,$34.14,11,3XL,Purple,#7d4
1496,998,$73.26,10,2XL,Turquoise,#536
1497,998,$53.82,3,XS,Fuscia,#c67
1498,999,$108.55,8,XL,Orange,#2fd
1499,1000,$106.90,1,L,Orange,#ab4